cliente_id,nombre,tipo_cliente,zona_id,fecha_alta,fecha_baja
1,Parrilla Garcia,bar_restaurante,2,2021-06-13,
2,Pizzería Rodriguez,bar_restaurante,3,2022-06-01,
3,Almacén Morales,autoservicio,2,2021-04-30,
4,Maxikiosco Luna,kiosco,2,2020-03-21,
5,Pizzería Sanchez,bar_restaurante,2,2020-03-28,
6,Autoservicio Silva,autoservicio,2,2020-10-01,
7,Distribuidora Maldonado,mayorista,1,2021-12-02,
8,Kiosco Escobar,kiosco,2,2020-03-18,
9,Despensa Gomez,autoservicio,1,2020-04-24,
10,Maxikiosco Vega,kiosco,1,2020-07-27,
11,Bar Alvarez,bar_restaurante,1,2021-08-10,
12,Despensa Pereyra,autoservicio,2,2023-03-02,2024-03-04
13,Kiosco Diaz,kiosco,1,2020-05-13,
14,Autoservicio Mayorista Hernandez,supermercado,1,2021-10-15,
15,Almacén Morales,autoservicio,1,2020-03-16,
16,Despensa Martinez,autoservicio,2,2021-02-27,
17,Kiosco Garcia,kiosco,2,2021-07-24,
18,Supermercado Lucero,supermercado,2,2021-05-16,
19,Autoservicio Mayorista Gomez,supermercado,1,2021-04-12,
20,Supermercado Gonzalez,supermercado,1,2020-11-13,
21,Despensa Diaz,autoservicio,1,2023-02-14,
22,Bar Alvarez,bar_restaurante,1,2020-12-24,
23,Bar Villalba,bar_restaurante,2,2021-04-22,
24,Pizzería Avila,bar_restaurante,1,2024-09-19,
25,Distribuidora Gonzalez,mayorista,1,2020-04-07,
26,Despensa Miranda,autoservicio,1,2020-10-24,
27,Almacén Peralta,autoservicio,2,2021-03-10,
28,Bar Blanco,bar_restaurante,1,2020-04-05,
29,Parrilla Correa,bar_restaurante,2,2021-02-17,
30,Bar Velazquez,bar_restaurante,2,2024-07-01,
31,Restaurante Gomez,bar_restaurante,1,2020-03-29,
32,Maxikiosco Cordoba,kiosco,2,2024-06-01,
33,Maxikiosco Gomez,kiosco,1,2021-07-11,
34,Supermercado Romero,supermercado,3,2020-04-04,
35,Autoservicio Suarez,autoservicio,3,2021-06-17,
36,Mayorista Mansilla,mayorista,3,2023-04-03,
37,Maxikiosco Dominguez,kiosco,2,2020-03-28,
38,Supermercado Benitez,supermercado,1,2020-11-11,
39,Maxikiosco Martinez,kiosco,2,2022-11-15,
40,Despensa Cabrera,autoservicio,1,2024-01-10,
41,Despensa Ortiz,autoservicio,1,2020-07-27,
42,Almacén Navarro,autoservicio,1,2020-06-29,
43,Kiosco Diaz,kiosco,2,2022-09-18,
44,Maxikiosco Garcia,kiosco,1,2021-08-22,
45,Despensa Medina,autoservicio,1,2021-03-19,
46,Distribuidora Villalba,mayorista,3,2021-08-22,
47,Kiosco Escobar,kiosco,1,2021-09-04,
48,Autoservicio Lopez,autoservicio,2,2021-08-17,
49,Mayorista Martinez,mayorista,1,2024-03-04,
50,Bar Castro,bar_restaurante,1,2020-06-09,
51,Maxikiosco Romero,kiosco,1,2021-10-08,
52,Despensa Ramirez,autoservicio,2,2021-09-30,
53,Maxikiosco Molina,kiosco,3,2021-02-22,
54,Almacén Medina,autoservicio,2,2020-12-04,
55,Kiosco Ramirez,kiosco,2,2021-01-07,
56,Autoservicio Mayorista Castro,supermercado,1,2020-10-20,
57,Maxikiosco Perez,kiosco,2,2021-04-09,
58,Autoservicio Mayorista Martinez,supermercado,1,2020-04-18,
59,Mayorista Ojeda,mayorista,2,2020-06-14,
60,Autoservicio Silva,autoservicio,1,2020-05-24,
61,Parrilla Gomez,bar_restaurante,1,2020-11-11,
62,Pizzería Acuña,bar_restaurante,3,2020-07-16,
63,Autoservicio Mayorista Godoy,supermercado,2,2021-08-07,
64,Maxikiosco Rojas,kiosco,2,2021-02-17,
65,Mayorista Moyano,mayorista,1,2020-09-01,
66,Supermercado Toledo,supermercado,2,2020-06-24,
67,Almacén Castillo,autoservicio,1,2023-10-11,
68,Parrilla Gonzalez,bar_restaurante,1,2021-07-04,
69,Maxikiosco Avila,kiosco,1,2020-10-11,
70,Autoservicio Lopez,autoservicio,1,2024-10-31,
71,Kiosco Torres,kiosco,3,2021-02-10,
72,Distribuidora Ruiz,mayorista,1,2020-12-17,
73,Autoservicio Campos,autoservicio,1,2020-12-09,
74,Supermercado Bustos,supermercado,1,2021-06-12,
75,Despensa Pereyra,autoservicio,1,2020-12-27,
76,Distribuidora Lopez,mayorista,2,2021-06-14,
77,Autoservicio Perez,autoservicio,1,2020-09-25,
78,Bar Duarte,bar_restaurante,2,2022-11-26,
79,Supermercado Rivero,supermercado,1,2021-03-05,
80,Despensa Perez,autoservicio,1,2020-10-13,
81,Maxikiosco Sanchez,kiosco,1,2022-07-11,
82,Bar Acosta,bar_restaurante,1,2020-10-31,
83,Almacén Sosa,autoservicio,2,2020-07-22,
84,Almacén Gonzalez,autoservicio,2,2020-07-27,
85,Maxikiosco Quiroga,kiosco,2,2021-12-05,
86,Restaurante Perez,bar_restaurante,2,2022-04-26,
87,Distribuidora Dominguez,mayorista,2,2021-12-20,
88,Mayorista Ponce,mayorista,1,2021-10-01,
89,Supermercado Mendoza,supermercado,3,2021-12-21,
90,Almacén Escobar,autoservicio,2,2023-04-26,2024-09-16
91,Maxikiosco Maldonado,kiosco,1,2021-11-12,
92,Autoservicio Valdez,autoservicio,2,2021-05-08,
93,Kiosco Pereyra,kiosco,1,2020-06-20,2024-07-28
94,Pizzería Gonzalez,bar_restaurante,2,2021-07-09,
95,Kiosco Aguirre,kiosco,2,2023-03-10,
96,Kiosco Martinez,kiosco,2,2020-11-24,
97,Maxikiosco Franco,kiosco,2,2020-10-17,
98,Almacén Perez,autoservicio,2,2023-11-21,
99,Parrilla Ojeda,bar_restaurante,1,2022-11-17,
100,Autoservicio Mayorista Gonzalez,supermercado,2,2022-08-26,
101,Maxikiosco Duarte,kiosco,1,2020-12-29,2023-01-24
102,Maxikiosco Flores,kiosco,2,2020-11-27,
103,Bar Rodriguez,bar_restaurante,2,2020-09-11,
104,Despensa Sanchez,autoservicio,1,2021-10-17,
105,Restaurante Ruiz,bar_restaurante,2,2021-09-16,
106,Almacén Luna,autoservicio,1,2020-06-26,
107,Autoservicio Ramos,autoservicio,2,2021-09-21,
108,Autoservicio Caceres,autoservicio,2,2023-05-30,
109,Pizzería Alvarez,bar_restaurante,1,2020-11-08,
110,Supermercado Gonzalez,supermercado,2,2021-04-22,
111,Kiosco Maldonado,kiosco,1,2021-02-22,
112,Kiosco Alvarez,kiosco,2,2020-02-18,2023-12-21
113,Bar Luna,bar_restaurante,1,2020-10-08,
114,Autoservicio Mayorista Ponce,supermercado,1,2020-07-31,
115,Pizzería Escobar,bar_restaurante,1,2020-03-23,
116,Almacén Ponce,autoservicio,2,2021-01-22,
117,Supermercado Sanchez,supermercado,1,2020-07-10,
118,Despensa Rodriguez,autoservicio,1,2020-12-28,
119,Maxikiosco Alvarez,kiosco,1,2020-12-03,
120,Maxikiosco Martinez,kiosco,1,2020-04-23,
121,Restaurante Moyano,bar_restaurante,1,2020-03-22,
122,Despensa Ferreyra,autoservicio,1,2020-12-01,
123,Kiosco Ramos,kiosco,2,2022-06-25,
124,Almacén Gonzalez,autoservicio,2,2021-06-20,
125,Parrilla Gomez,bar_restaurante,2,2021-08-17,
126,Maxikiosco Lopez,kiosco,1,2021-06-22,2023-03-10
127,Distribuidora Mendez,mayorista,1,2020-08-09,
128,Pizzería Molina,bar_restaurante,2,2021-06-24,
129,Kiosco Gimenez,kiosco,2,2020-03-30,2024-12-07
130,Almacén Gimenez,autoservicio,1,2020-10-11,
131,Bar Gimenez,bar_restaurante,2,2020-04-03,
132,Parrilla Sanchez,bar_restaurante,1,2020-09-08,
133,Bar Avila,bar_restaurante,1,2021-04-30,
134,Pizzería Maldonado,bar_restaurante,1,2021-01-19,
135,Restaurante Paez,bar_restaurante,2,2020-10-17,
136,Pizzería Suarez,bar_restaurante,2,2020-01-27,
137,Maxikiosco Gomez,kiosco,2,2024-05-09,
138,Kiosco Muñoz,kiosco,2,2022-10-14,
139,Almacén Peralta,autoservicio,2,2020-05-11,
140,Despensa Benitez,autoservicio,2,2020-10-29,
141,Autoservicio Avila,autoservicio,2,2021-01-13,
142,Despensa Cardozo,autoservicio,2,2021-01-03,
143,Maxikiosco Benitez,kiosco,2,2022-04-18,
144,Despensa Garcia,autoservicio,2,2021-04-03,
145,Autoservicio Mayorista Mansilla,supermercado,2,2020-08-21,
146,Kiosco Nuñez,kiosco,2,2020-09-22,
147,Parrilla Silva,bar_restaurante,1,2020-10-15,
148,Kiosco Gomez,kiosco,1,2021-03-03,
149,Kiosco Sanchez,kiosco,1,2021-10-06,
150,Maxikiosco Morales,kiosco,1,2020-03-07,
151,Kiosco Diaz,kiosco,2,2021-12-02,
152,Autoservicio Lucero,autoservicio,2,2022-04-24,
153,Maxikiosco Sanchez,kiosco,3,2021-12-20,
154,Kiosco Castillo,kiosco,2,2021-06-27,
155,Kiosco Vega,kiosco,1,2021-03-27,
156,Distribuidora Suarez,mayorista,2,2021-09-11,
157,Mayorista Lopez,mayorista,2,2020-09-29,
158,Autoservicio Castillo,autoservicio,1,2020-10-08,
159,Autoservicio Mayorista Mansilla,supermercado,1,2020-07-13,
160,Almacén Gonzalez,autoservicio,2,2024-03-17,
161,Kiosco Quiroga,kiosco,1,2020-09-05,
162,Distribuidora Cardozo,mayorista,2,2020-07-26,
163,Autoservicio Mayorista Juarez,supermercado,2,2020-12-25,
164,Supermercado Morales,supermercado,3,2022-06-08,
165,Kiosco Mansilla,kiosco,1,2020-04-30,
166,Maxikiosco Ortiz,kiosco,3,2020-02-23,
167,Maxikiosco Rodriguez,kiosco,2,2023-05-18,
168,Autoservicio Mayorista Gutierrez,supermercado,2,2021-08-28,
169,Maxikiosco Alvarez,kiosco,1,2021-11-04,
170,Almacén Gonzalez,autoservicio,2,2020-06-03,
171,Kiosco Benitez,kiosco,2,2024-09-24,
172,Supermercado Nuñez,supermercado,1,2020-11-13,
173,Autoservicio Rodriguez,autoservicio,1,2020-04-22,
174,Bar Rios,bar_restaurante,2,2020-02-24,
175,Kiosco Gonzalez,kiosco,1,2020-12-12,
176,Autoservicio Mayorista Lopez,supermercado,1,2024-03-17,
177,Pizzería Moreno,bar_restaurante,2,2021-07-02,
178,Mayorista Gutierrez,mayorista,1,2021-10-15,
179,Despensa Diaz,autoservicio,2,2021-02-15,
180,Autoservicio Mayorista Cordoba,supermercado,1,2020-07-08,
181,Pizzería Cruz,bar_restaurante,2,2020-04-02,2024-08-26
182,Distribuidora Morales,mayorista,1,2022-12-19,
183,Kiosco Alvarez,kiosco,2,2021-07-14,
184,Almacén Franco,autoservicio,2,2020-04-12,
185,Despensa Perez,autoservicio,2,2021-06-29,
186,Autoservicio Martinez,autoservicio,1,2020-07-06,
187,Autoservicio Mayorista Avila,supermercado,1,2024-11-05,
188,Despensa Quiroga,autoservicio,3,2021-03-22,
189,Pizzería Garcia,bar_restaurante,2,2021-08-14,
190,Almacén Fernandez,autoservicio,3,2022-09-21,
191,Mayorista Sosa,mayorista,2,2021-04-03,
192,Kiosco Medina,kiosco,2,2020-11-30,
193,Maxikiosco Hernandez,kiosco,2,2020-08-01,
194,Maxikiosco Olivera,kiosco,1,2021-09-21,
195,Distribuidora Castro,mayorista,1,2020-03-26,
196,Maxikiosco Torres,kiosco,1,2020-10-12,
197,Despensa Molina,autoservicio,3,2021-11-17,
198,Despensa Lopez,autoservicio,1,2020-04-11,
199,Maxikiosco Fernandez,kiosco,2,2021-01-05,
200,Pizzería Ortiz,bar_restaurante,2,2023-08-20,
201,Kiosco Romero,kiosco,2,2020-03-28,
202,Autoservicio Mayorista Martin,supermercado,2,2021-12-14,
203,Almacén Blanco,autoservicio,1,2021-10-24,
204,Distribuidora Gonzalez,mayorista,1,2021-08-23,
205,Maxikiosco Romero,kiosco,2,2024-09-15,
206,Kiosco Alvarez,kiosco,2,2020-03-12,2022-06-25
207,Kiosco Gonzalez,kiosco,2,2020-11-15,
208,Kiosco Juarez,kiosco,1,2022-10-17,
209,Kiosco Vazquez,kiosco,2,2021-08-24,
210,Distribuidora Acosta,mayorista,1,2021-01-29,
211,Maxikiosco Flores,kiosco,1,2021-07-02,
212,Kiosco Gonzalez,kiosco,1,2020-04-29,
213,Autoservicio Miranda,autoservicio,1,2020-05-09,
214,Autoservicio Mayorista Sanchez,supermercado,2,2024-10-26,
215,Kiosco Peralta,kiosco,1,2021-12-14,
216,Bar Benitez,bar_restaurante,2,2020-10-08,
217,Kiosco Garcia,kiosco,1,2021-08-28,
218,Supermercado Garcia,supermercado,1,2020-03-17,
219,Maxikiosco Mansilla,kiosco,1,2021-08-27,
220,Pizzería Sanchez,bar_restaurante,2,2020-09-22,
221,Parrilla Vazquez,bar_restaurante,2,2020-01-02,
222,Autoservicio Mayorista Acosta,supermercado,2,2023-05-28,
223,Maxikiosco Romero,kiosco,2,2020-02-14,
224,Kiosco Farias,kiosco,1,2021-01-16,
225,Maxikiosco Fernandez,kiosco,2,2020-05-09,2023-09-02
226,Pizzería Mendoza,bar_restaurante,1,2020-09-18,
227,Maxikiosco Gonzalez,kiosco,3,2020-02-08,
228,Almacén Martinez,autoservicio,1,2020-03-26,
229,Autoservicio Castillo,autoservicio,2,2020-06-03,
230,Restaurante Coronel,bar_restaurante,3,2020-10-20,
231,Autoservicio Mayorista Mansilla,supermercado,3,2020-07-31,
232,Pizzería Gomez,bar_restaurante,1,2021-12-10,
233,Maxikiosco Rodriguez,kiosco,1,2022-02-03,
234,Supermercado Sanchez,supermercado,2,2021-03-07,
235,Autoservicio Mayorista Figueroa,supermercado,3,2020-07-17,
236,Pizzería Gomez,bar_restaurante,2,2020-11-26,
237,Autoservicio Mayorista Ramirez,supermercado,1,2020-08-12,
238,Maxikiosco Ojeda,kiosco,1,2020-05-02,
239,Autoservicio Gonzalez,autoservicio,1,2022-07-15,
240,Despensa Ramirez,autoservicio,1,2021-03-13,
241,Kiosco Sosa,kiosco,2,2021-11-15,
242,Distribuidora Dominguez,mayorista,1,2024-01-05,
243,Maxikiosco Caceres,kiosco,2,2021-11-15,
244,Parrilla Castro,bar_restaurante,1,2020-08-30,
245,Autoservicio Mayorista Ramirez,supermercado,2,2020-06-25,
246,Maxikiosco Suarez,kiosco,2,2021-12-06,
247,Kiosco Perez,kiosco,1,2021-01-04,
248,Parrilla Gonzalez,bar_restaurante,3,2020-12-18,
249,Kiosco Gonzalez,kiosco,2,2020-06-11,
250,Despensa Romero,autoservicio,1,2021-09-04,
251,Bar Martinez,bar_restaurante,2,2021-04-03,
252,Maxikiosco Gomez,kiosco,2,2021-05-03,
253,Maxikiosco Paz,kiosco,1,2020-12-26,2023-03-07
254,Autoservicio Mayorista Perez,supermercado,3,2020-10-30,
255,Almacén Peralta,autoservicio,2,2021-12-13,
256,Kiosco Paez,kiosco,2,2020-09-27,
257,Mayorista Duarte,mayorista,1,2021-12-27,
258,Despensa Ponce,autoservicio,1,2021-10-28,2022-07-26
259,Maxikiosco Rivero,kiosco,2,2020-02-21,
260,Supermercado Suarez,supermercado,1,2021-10-31,
261,Maxikiosco Sanchez,kiosco,1,2020-05-25,2024-11-10
262,Mayorista Moyano,mayorista,2,2020-04-03,
263,Maxikiosco Gonzalez,kiosco,3,2021-12-14,
264,Almacén Maidana,autoservicio,2,2023-04-18,
265,Supermercado Franco,supermercado,2,2021-05-30,
266,Kiosco Soria,kiosco,1,2021-06-13,
267,Maxikiosco Escobar,kiosco,2,2020-11-22,
268,Maxikiosco Gonzalez,kiosco,3,2021-04-30,
269,Kiosco Aguirre,kiosco,1,2021-11-15,2022-08-25
270,Autoservicio Perez,autoservicio,2,2020-05-23,
271,Almacén Coronel,autoservicio,1,2021-04-21,
272,Kiosco Sanchez,kiosco,1,2021-09-23,
273,Autoservicio Mayorista Navarro,supermercado,3,2020-04-01,
274,Pizzería Romero,bar_restaurante,1,2021-01-30,
275,Mayorista Godoy,mayorista,1,2021-06-07,
276,Supermercado Fernandez,supermercado,1,2021-11-15,
277,Autoservicio Diaz,autoservicio,2,2021-01-10,
278,Restaurante Carrizo,bar_restaurante,1,2020-12-15,
279,Autoservicio Ramirez,autoservicio,1,2020-12-27,
280,Almacén Gonzalez,autoservicio,1,2021-10-17,
281,Bar Gomez,bar_restaurante,2,2024-04-12,
282,Parrilla Chavez,bar_restaurante,2,2023-11-13,
283,Almacén Moyano,autoservicio,2,2020-02-04,
284,Distribuidora Vera,mayorista,1,2021-06-22,
285,Mayorista Quiroga,mayorista,2,2024-03-02,
286,Maxikiosco Rios,kiosco,3,2020-07-18,
287,Autoservicio Ramos,autoservicio,2,2020-05-04,
288,Supermercado Caceres,supermercado,1,2021-06-01,
289,Maxikiosco Peralta,kiosco,1,2021-08-29,2024-02-27
290,Autoservicio Lopez,autoservicio,2,2020-03-21,
291,Maxikiosco Herrera,kiosco,2,2021-08-19,
292,Supermercado Gonzalez,supermercado,2,2021-10-27,
293,Maxikiosco Blanco,kiosco,1,2021-07-03,
294,Maxikiosco Chavez,kiosco,1,2020-02-14,
295,Despensa Rojas,autoservicio,2,2024-10-01,
296,Despensa Cruz,autoservicio,2,2020-09-19,2023-07-01
297,Autoservicio Mayorista Sosa,supermercado,1,2020-12-26,
298,Almacén Muñoz,autoservicio,2,2020-10-25,
299,Almacén Acosta,autoservicio,2,2023-12-23,
300,Autoservicio Mayorista Gonzalez,supermercado,1,2021-09-30,
301,Maxikiosco Navarro,kiosco,3,2021-03-25,
302,Maxikiosco Perez,kiosco,1,2022-11-17,
303,Bar Ramirez,bar_restaurante,2,2021-06-25,
304,Autoservicio Sosa,autoservicio,1,2020-05-09,
305,Kiosco Lopez,kiosco,2,2020-09-07,
306,Supermercado Garcia,supermercado,2,2021-12-06,
307,Autoservicio Mayorista Acosta,supermercado,2,2021-09-06,2022-10-28
308,Autoservicio Godoy,autoservicio,2,2020-06-02,
309,Kiosco Cardozo,kiosco,2,2020-06-01,
310,Maxikiosco Luna,kiosco,1,2021-02-16,
311,Parrilla Gonzalez,bar_restaurante,2,2020-10-27,
312,Supermercado Lopez,supermercado,2,2022-03-19,
313,Maxikiosco Diaz,kiosco,2,2020-06-29,
314,Supermercado Diaz,supermercado,1,2020-05-21,
315,Kiosco Godoy,kiosco,2,2021-08-05,
316,Despensa Romero,autoservicio,1,2021-11-10,
317,Maxikiosco Ruiz,kiosco,1,2020-06-14,
318,Kiosco Silva,kiosco,2,2023-10-26,
319,Kiosco Aguirre,kiosco,1,2024-07-08,
320,Mayorista Alvarez,mayorista,2,2020-03-30,
321,Autoservicio Mayorista Carrizo,supermercado,2,2024-04-23,
322,Autoservicio Guzman,autoservicio,2,2021-03-30,
323,Pizzería Ojeda,bar_restaurante,1,2020-07-30,
324,Autoservicio Silva,autoservicio,1,2024-05-12,
325,Bar Cordoba,bar_restaurante,2,2020-06-30,
326,Mayorista Rodriguez,mayorista,3,2022-06-19,
327,Autoservicio Mayorista Muñoz,supermercado,2,2024-11-28,
328,Almacén Acuña,autoservicio,2,2021-01-13,
329,Autoservicio Ayala,autoservicio,3,2021-07-30,
330,Pizzería Gomez,bar_restaurante,1,2021-11-14,2024-06-30
331,Mayorista Luna,mayorista,1,2021-03-18,
332,Autoservicio Benitez,autoservicio,1,2020-12-28,
333,Kiosco Sanchez,kiosco,3,2021-01-29,
334,Despensa Silva,autoservicio,2,2020-07-08,
335,Kiosco Bravo,kiosco,2,2020-10-25,
336,Pizzería Ojeda,bar_restaurante,2,2020-01-21,
337,Supermercado Garcia,supermercado,2,2020-08-15,
338,Maxikiosco Castillo,kiosco,2,2020-05-28,
339,Despensa Barrios,autoservicio,3,2024-06-11,
340,Kiosco Lucero,kiosco,1,2020-08-31,2022-05-31
341,Maxikiosco Sanchez,kiosco,1,2021-12-24,
342,Pizzería Gonzalez,bar_restaurante,2,2022-11-29,
343,Autoservicio Mayorista Farias,supermercado,2,2021-04-12,
344,Almacén Lopez,autoservicio,1,2020-11-05,
345,Kiosco Gimenez,kiosco,2,2020-04-23,
346,Mayorista Lopez,mayorista,1,2021-07-04,
347,Kiosco Fernandez,kiosco,2,2020-06-08,
348,Bar Miranda,bar_restaurante,2,2020-04-24,
349,Bar Ramirez,bar_restaurante,2,2021-04-01,2024-04-13
350,Kiosco Carrizo,kiosco,2,2020-11-23,
351,Maxikiosco Valdez,kiosco,2,2020-12-05,
352,Supermercado Alvarez,supermercado,2,2021-02-03,
353,Restaurante Nuñez,bar_restaurante,2,2021-12-31,2024-03-31
354,Autoservicio Mayorista Gutierrez,supermercado,2,2022-12-28,
355,Autoservicio Mayorista Cordoba,supermercado,3,2020-12-27,
356,Kiosco Paez,kiosco,1,2020-09-25,
357,Restaurante Fernandez,bar_restaurante,1,2021-07-16,
358,Parrilla Diaz,bar_restaurante,1,2020-10-16,
359,Kiosco Acosta,kiosco,2,2023-11-24,
360,Despensa Romero,autoservicio,2,2024-05-21,
361,Maxikiosco Carrizo,kiosco,1,2020-06-13,
362,Restaurante Gomez,bar_restaurante,3,2021-06-11,
363,Bar Rodriguez,bar_restaurante,1,2021-09-20,
364,Despensa Mendoza,autoservicio,2,2024-09-19,
365,Kiosco Olivera,kiosco,1,2021-10-24,
366,Restaurante Moreno,bar_restaurante,2,2021-05-11,
367,Kiosco Gimenez,kiosco,1,2021-07-01,
368,Kiosco Martinez,kiosco,2,2021-12-20,2023-10-01
369,Kiosco Lopez,kiosco,1,2021-10-14,2022-12-29
370,Restaurante Suarez,bar_restaurante,1,2020-01-18,
371,Autoservicio Mayorista Alvarez,supermercado,2,2021-09-12,
372,Despensa Ponce,autoservicio,2,2021-02-05,
373,Maxikiosco Miranda,kiosco,2,2020-05-11,
374,Bar Castro,bar_restaurante,2,2024-07-29,
375,Supermercado Flores,supermercado,2,2020-12-27,
376,Mayorista Fernandez,mayorista,1,2020-08-26,
377,Distribuidora Muñoz,mayorista,2,2020-11-17,
378,Supermercado Godoy,supermercado,1,2021-05-23,2022-11-30
379,Supermercado Alvarez,supermercado,1,2020-03-02,
380,Maxikiosco Roldan,kiosco,3,2022-07-10,2023-06-07
381,Maxikiosco Benitez,kiosco,3,2021-11-07,
382,Almacén Franco,autoservicio,2,2021-07-31,
383,Bar Carrizo,bar_restaurante,2,2020-02-28,
384,Distribuidora Morales,mayorista,1,2021-05-29,
385,Parrilla Moyano,bar_restaurante,2,2021-06-17,
386,Supermercado Alvarez,supermercado,2,2020-10-03,
387,Mayorista Villalba,mayorista,3,2020-06-10,
388,Despensa Sanchez,autoservicio,1,2021-03-07,
389,Restaurante Vega,bar_restaurante,1,2023-10-31,
390,Parrilla Sanchez,bar_restaurante,1,2020-08-15,
391,Maxikiosco Toledo,kiosco,2,2020-02-23,
392,Autoservicio Maldonado,autoservicio,2,2021-08-08,
393,Almacén Correa,autoservicio,1,2021-11-27,
394,Parrilla Martin,bar_restaurante,1,2021-01-31,
395,Autoservicio Mayorista Perez,supermercado,2,2020-07-29,
396,Pizzería Herrera,bar_restaurante,1,2020-08-28,2024-01-05
397,Maxikiosco Gomez,kiosco,1,2020-08-25,
398,Pizzería Ruiz,bar_restaurante,1,2020-10-15,2023-12-18
399,Autoservicio Mayorista Acuña,supermercado,1,2021-01-12,
400,Kiosco Sanchez,kiosco,3,2020-06-30,
401,Bar Cabrera,bar_restaurante,2,2024-04-04,
402,Supermercado Fernandez,supermercado,1,2021-01-27,
403,Kiosco Gonzalez,kiosco,3,2020-04-18,
404,Supermercado Alvarez,supermercado,1,2022-11-11,
405,Almacén Torres,autoservicio,1,2020-12-13,
406,Autoservicio Mayorista Maldonado,supermercado,1,2024-02-28,
407,Restaurante Farias,bar_restaurante,1,2023-06-27,
408,Despensa Vargas,autoservicio,1,2020-08-29,
409,Kiosco Garcia,kiosco,1,2021-01-23,
410,Pizzería Torres,bar_restaurante,1,2021-01-06,
411,Maxikiosco Perez,kiosco,5,2023-04-09,2024-01-04
412,Maxikiosco Vargas,kiosco,5,2021-05-11,
413,Almacén Franco,autoservicio,5,2021-06-30,
414,Despensa Acosta,autoservicio,5,2021-01-20,
415,Kiosco Toledo,kiosco,5,2020-04-29,2022-06-12
416,Maxikiosco Perez,kiosco,4,2021-11-09,
417,Maxikiosco Diaz,kiosco,4,2020-07-19,
418,Maxikiosco Castro,kiosco,5,2020-05-21,2023-11-20
419,Distribuidora Olivera,mayorista,4,2022-01-28,
420,Parrilla Correa,bar_restaurante,5,2020-01-26,
421,Autoservicio Acuña,autoservicio,5,2021-07-19,
422,Maxikiosco Gomez,kiosco,5,2023-06-17,
423,Maxikiosco Molina,kiosco,5,2020-03-10,2024-01-23
424,Bar Nuñez,bar_restaurante,5,2024-04-11,
425,Autoservicio Mayorista Sosa,supermercado,4,2021-04-27,
426,Autoservicio Mayorista Pereyra,supermercado,5,2023-04-30,
427,Autoservicio Mayorista Diaz,supermercado,5,2021-06-25,
428,Pizzería Molina,bar_restaurante,4,2021-01-02,
429,Supermercado Hernandez,supermercado,5,2021-12-06,
430,Despensa Carrizo,autoservicio,5,2020-07-07,
431,Maxikiosco Fernandez,kiosco,5,2020-08-10,
432,Kiosco Rios,kiosco,5,2021-03-03,
433,Parrilla Toledo,bar_restaurante,4,2020-01-10,
434,Pizzería Avila,bar_restaurante,4,2020-02-20,
435,Maxikiosco Coronel,kiosco,5,2020-03-30,
436,Maxikiosco Garcia,kiosco,5,2021-03-05,
437,Almacén Martin,autoservicio,5,2021-07-17,
438,Autoservicio Rodriguez,autoservicio,4,2024-09-23,
439,Autoservicio Mayorista Diaz,supermercado,5,2020-08-13,
440,Distribuidora Gomez,mayorista,4,2020-05-19,
441,Maxikiosco Diaz,kiosco,5,2020-11-22,
442,Despensa Herrera,autoservicio,5,2020-03-10,
443,Parrilla Gonzalez,bar_restaurante,5,2021-09-03,
444,Autoservicio Mayorista Soto,supermercado,4,2020-02-15,
445,Autoservicio Mayorista Diaz,supermercado,5,2021-05-21,
446,Bar Ramos,bar_restaurante,5,2023-07-31,
447,Almacén Guzman,autoservicio,5,2021-06-04,
448,Autoservicio Mayorista Lopez,supermercado,6,2020-11-10,
449,Mayorista Sanchez,mayorista,4,2020-03-01,
450,Bar Lopez,bar_restaurante,5,2021-06-13,
451,Kiosco Cardozo,kiosco,5,2021-06-02,
452,Supermercado Romero,supermercado,5,2020-06-07,
453,Maxikiosco Perez,kiosco,5,2020-12-28,
454,Maxikiosco Silva,kiosco,4,2024-08-17,
455,Kiosco Gonzalez,kiosco,5,2021-05-22,
456,Kiosco Escobar,kiosco,4,2020-01-30,
457,Autoservicio Mayorista Gonzalez,supermercado,5,2021-09-29,
458,Autoservicio Mayorista Aguirre,supermercado,5,2020-11-15,
459,Maxikiosco Rios,kiosco,6,2020-01-04,
460,Maxikiosco Cardozo,kiosco,4,2020-05-12,
461,Kiosco Franco,kiosco,5,2020-01-21,2023-05-05
462,Autoservicio Soria,autoservicio,4,2020-03-31,
463,Restaurante Diaz,bar_restaurante,5,2020-05-25,
464,Autoservicio Mayorista Ojeda,supermercado,4,2020-06-03,
465,Maxikiosco Gonzalez,kiosco,5,2021-09-26,2023-08-25
466,Mayorista Blanco,mayorista,4,2021-06-16,
467,Maxikiosco Gonzalez,kiosco,5,2021-10-11,
468,Pizzería Vazquez,bar_restaurante,4,2020-02-12,
469,Bar Rojas,bar_restaurante,5,2023-03-10,
470,Autoservicio Mayorista Carrizo,supermercado,4,2022-06-12,
471,Maxikiosco Diaz,kiosco,5,2020-02-15,
472,Maxikiosco Perez,kiosco,5,2020-09-25,
473,Kiosco Moyano,kiosco,5,2022-08-17,
474,Despensa Vargas,autoservicio,5,2021-03-16,
475,Kiosco Miranda,kiosco,4,2020-05-10,2024-12-03
476,Maxikiosco Acosta,kiosco,5,2020-09-08,
477,Restaurante Torres,bar_restaurante,4,2024-03-27,
478,Kiosco Mansilla,kiosco,4,2021-03-23,
479,Almacén Moreno,autoservicio,5,2021-03-12,
480,Kiosco Caceres,kiosco,5,2021-01-25,
481,Autoservicio Mayorista Torres,supermercado,6,2021-11-12,
482,Kiosco Figueroa,kiosco,4,2020-04-11,
483,Kiosco Diaz,kiosco,4,2020-02-20,2022-08-30
484,Kiosco Silva,kiosco,5,2021-10-20,
485,Despensa Gonzalez,autoservicio,5,2021-10-04,
486,Autoservicio Carrizo,autoservicio,5,2021-03-04,
487,Distribuidora Ojeda,mayorista,5,2023-06-23,
488,Autoservicio Mayorista Ledesma,supermercado,5,2020-04-28,
489,Pizzería Sosa,bar_restaurante,5,2020-09-10,
490,Autoservicio Fernandez,autoservicio,5,2021-04-25,
491,Kiosco Romero,kiosco,5,2021-09-09,
492,Maxikiosco Fernandez,kiosco,5,2021-01-21,
493,Almacén Ramirez,autoservicio,5,2021-12-03,
494,Despensa Alvarez,autoservicio,5,2021-03-08,
495,Kiosco Paez,kiosco,5,2020-10-02,
496,Bar Ledesma,bar_restaurante,5,2020-05-21,2022-11-10
497,Supermercado Fernandez,supermercado,5,2020-09-04,
498,Restaurante Coronel,bar_restaurante,4,2022-07-22,2023-09-01
499,Autoservicio Lopez,autoservicio,5,2021-12-25,
500,Supermercado Dominguez,supermercado,5,2021-02-08,
501,Autoservicio Toledo,autoservicio,5,2021-09-09,
502,Pizzería Benitez,bar_restaurante,5,2020-02-09,
503,Kiosco Fernandez,kiosco,5,2021-05-28,
504,Kiosco Velazquez,kiosco,4,2020-06-19,
505,Restaurante Flores,bar_restaurante,4,2021-07-18,
506,Despensa Pereyra,autoservicio,4,2023-11-08,
507,Bar Lopez,bar_restaurante,5,2021-01-11,2024-02-13
508,Parrilla Medina,bar_restaurante,5,2020-04-15,2023-04-09
509,Restaurante Ayala,bar_restaurante,5,2021-01-15,
510,Autoservicio Mayorista Ruiz,supermercado,5,2023-01-02,
511,Maxikiosco Romero,kiosco,4,2020-06-26,
512,Maxikiosco Medina,kiosco,5,2020-12-31,2022-11-22
513,Kiosco Gomez,kiosco,5,2020-07-11,
514,Parrilla Castro,bar_restaurante,5,2020-08-24,2023-04-28
515,Restaurante Morales,bar_restaurante,4,2023-02-12,
516,Despensa Molina,autoservicio,5,2020-01-13,
517,Almacén Ojeda,autoservicio,5,2020-04-11,2024-10-03
518,Kiosco Herrera,kiosco,5,2020-09-15,
519,Kiosco Fernandez,kiosco,4,2020-01-04,
520,Almacén Ortiz,autoservicio,5,2021-09-23,
521,Kiosco Gonzalez,kiosco,5,2020-04-01,
522,Autoservicio Mayorista Martinez,supermercado,5,2021-01-17,
523,Maxikiosco Quiroga,kiosco,4,2020-11-30,
524,Supermercado Bustos,supermercado,5,2024-09-21,
525,Kiosco Ramos,kiosco,5,2021-08-22,
526,Autoservicio Villalba,autoservicio,5,2023-01-15,
527,Autoservicio Suarez,autoservicio,4,2021-10-03,
528,Maxikiosco Pereyra,kiosco,5,2021-05-04,2022-11-25
529,Almacén Perez,autoservicio,5,2021-05-26,
530,Kiosco Perez,kiosco,5,2021-01-16,
531,Mayorista Lopez,mayorista,5,2020-07-29,
532,Mayorista Benitez,mayorista,5,2021-09-22,
533,Despensa Lopez,autoservicio,5,2020-06-20,
534,Despensa Moyano,autoservicio,5,2021-08-18,
535,Kiosco Peralta,kiosco,4,2021-05-19,
536,Autoservicio Mayorista Gonzalez,supermercado,4,2020-10-17,
537,Parrilla Rodriguez,bar_restaurante,4,2020-08-09,
538,Autoservicio Mayorista Gonzalez,supermercado,5,2021-03-25,
539,Despensa Gimenez,autoservicio,5,2020-02-19,
540,Kiosco Coronel,kiosco,5,2020-09-07,
541,Maxikiosco Villalba,kiosco,5,2020-05-05,
542,Autoservicio Mayorista Fernandez,supermercado,5,2022-10-03,
543,Maxikiosco Rios,kiosco,5,2021-02-01,
544,Restaurante Aguirre,bar_restaurante,5,2020-01-25,
545,Mayorista Torres,mayorista,5,2021-01-06,
546,Bar Maidana,bar_restaurante,4,2024-08-21,
547,Maxikiosco Pereyra,kiosco,4,2024-11-04,
548,Maxikiosco Farias,kiosco,6,2020-06-15,
549,Autoservicio Mayorista Barrios,supermercado,5,2020-11-09,
550,Kiosco Rodriguez,kiosco,5,2020-05-03,
551,Kiosco Silva,kiosco,4,2020-01-26,
552,Kiosco Cordoba,kiosco,5,2020-09-01,
553,Kiosco Silva,kiosco,5,2021-01-25,
554,Autoservicio Castro,autoservicio,5,2020-05-08,
555,Kiosco Juarez,kiosco,5,2020-01-27,
556,Despensa Morales,autoservicio,4,2021-06-13,
557,Restaurante Peralta,bar_restaurante,5,2020-11-15,
558,Maxikiosco Perez,kiosco,4,2021-04-22,
559,Bar Cabrera,bar_restaurante,5,2021-08-19,
560,Despensa Mendoza,autoservicio,5,2021-12-25,
561,Restaurante Toledo,bar_restaurante,5,2020-03-16,
562,Maxikiosco Rojas,kiosco,4,2020-07-09,
563,Bar Suarez,bar_restaurante,4,2021-06-05,
564,Almacén Perez,autoservicio,5,2021-01-29,
565,Almacén Ojeda,autoservicio,6,2021-01-21,
566,Mayorista Gutierrez,mayorista,5,2023-11-08,
567,Parrilla Castro,bar_restaurante,4,2020-07-22,
568,Maxikiosco Leiva,kiosco,5,2020-06-28,2022-10-17
569,Maxikiosco Rodriguez,kiosco,5,2021-09-30,
570,Bar Soria,bar_restaurante,4,2020-03-21,
571,Kiosco Juarez,kiosco,5,2024-09-24,
572,Supermercado Rodriguez,supermercado,5,2021-08-30,
573,Autoservicio Mayorista Paz,supermercado,4,2021-08-17,
574,Restaurante Aguirre,bar_restaurante,5,2020-12-27,
575,Almacén Sanchez,autoservicio,4,2020-07-17,
576,Maxikiosco Ruiz,kiosco,4,2021-10-09,2022-11-17
577,Autoservicio Mayorista Soria,supermercado,5,2020-07-22,
578,Mayorista Gonzalez,mayorista,4,2023-04-11,
579,Mayorista Gutierrez,mayorista,5,2021-12-17,
580,Maxikiosco Gonzalez,kiosco,4,2020-10-30,
581,Parrilla Gonzalez,bar_restaurante,5,2022-08-31,
582,Kiosco Benitez,kiosco,5,2020-01-28,
583,Maxikiosco Gonzalez,kiosco,4,2020-08-30,2023-09-06
584,Maxikiosco Martinez,kiosco,4,2020-08-14,
585,Kiosco Fernandez,kiosco,4,2022-12-22,
586,Kiosco Romero,kiosco,4,2023-09-08,
587,Kiosco Ramos,kiosco,6,2023-10-30,
588,Autoservicio Mayorista Garcia,supermercado,5,2020-11-16,
589,Autoservicio Mayorista Gonzalez,supermercado,6,2021-11-11,
590,Despensa Gonzalez,autoservicio,4,2021-03-24,
591,Pizzería Fernandez,bar_restaurante,5,2021-05-30,
592,Autoservicio Rojas,autoservicio,4,2020-07-22,
593,Kiosco Fernandez,kiosco,4,2021-06-02,2022-09-15
594,Parrilla Ledesma,bar_restaurante,5,2021-03-07,
595,Maxikiosco Ramirez,kiosco,5,2021-06-09,
596,Maxikiosco Lopez,kiosco,5,2021-10-06,
597,Almacén Lopez,autoservicio,4,2020-04-06,
598,Supermercado Suarez,supermercado,4,2021-08-18,
599,Despensa Romero,autoservicio,5,2020-03-10,
600,Parrilla Leiva,bar_restaurante,5,2021-07-21,
601,Kiosco Nuñez,kiosco,4,2022-06-08,
602,Restaurante Farias,bar_restaurante,4,2021-08-06,
603,Maxikiosco Fernandez,kiosco,4,2021-12-26,
604,Maxikiosco Torres,kiosco,5,2022-07-17,
605,Pizzería Garcia,bar_restaurante,5,2020-06-09,
606,Kiosco Escobar,kiosco,5,2021-06-07,
607,Maxikiosco Rodriguez,kiosco,4,2021-12-05,
608,Despensa Peralta,autoservicio,5,2021-02-05,
609,Parrilla Rodriguez,bar_restaurante,5,2021-08-26,
610,Kiosco Cabrera,kiosco,6,2021-04-24,
611,Distribuidora Lopez,mayorista,4,2020-10-17,
612,Kiosco Juarez,kiosco,4,2021-07-20,
613,Distribuidora Cabrera,mayorista,5,2021-01-21,
614,Kiosco Fernandez,kiosco,5,2020-07-23,
615,Mayorista Paz,mayorista,5,2020-03-24,
616,Maxikiosco Gonzalez,kiosco,4,2023-09-09,
617,Almacén Diaz,autoservicio,5,2020-09-29,
618,Mayorista Herrera,mayorista,6,2020-07-05,2023-01-24
619,Supermercado Sosa,supermercado,5,2022-07-19,
620,Mayorista Maidana,mayorista,5,2022-07-09,
621,Maxikiosco Gonzalez,kiosco,5,2023-05-13,
622,Despensa Luna,autoservicio,5,2021-09-24,
623,Maxikiosco Rodriguez,kiosco,4,2020-12-28,
624,Kiosco Roldan,kiosco,5,2022-12-12,
625,Kiosco Torres,kiosco,5,2020-09-30,
626,Almacén Perez,autoservicio,4,2021-01-29,
627,Kiosco Suarez,kiosco,5,2021-06-13,
628,Kiosco Castro,kiosco,4,2020-07-02,
629,Kiosco Avila,kiosco,5,2021-04-27,
630,Almacén Perez,autoservicio,5,2022-07-03,
631,Supermercado Juarez,supermercado,5,2021-10-31,
632,Maxikiosco Martinez,kiosco,5,2021-11-17,
633,Mayorista Gomez,mayorista,5,2021-11-27,
634,Parrilla Flores,bar_restaurante,4,2020-01-19,
635,Mayorista Bustos,mayorista,4,2021-11-16,
636,Maxikiosco Torres,kiosco,5,2021-08-16,
637,Maxikiosco Silva,kiosco,4,2020-07-17,
638,Maxikiosco Romero,kiosco,4,2020-07-04,
639,Autoservicio Mayorista Moreno,supermercado,5,2022-05-20,
640,Distribuidora Lopez,mayorista,4,2021-02-21,
641,Autoservicio Mayorista Morales,supermercado,5,2021-09-08,
642,Maxikiosco Rivero,kiosco,6,2020-10-24,
643,Despensa Figueroa,autoservicio,5,2021-04-12,2022-09-11
644,Kiosco Godoy,kiosco,5,2021-03-13,
645,Maxikiosco Romero,kiosco,4,2023-05-19,
646,Kiosco Flores,kiosco,5,2020-08-16,
647,Kiosco Olivera,kiosco,5,2021-01-30,
648,Parrilla Cabrera,bar_restaurante,6,2020-02-26,
649,Maxikiosco Ramos,kiosco,5,2024-03-08,2024-08-15
650,Almacén Sanchez,autoservicio,5,2021-08-19,
651,Maxikiosco Vega,kiosco,4,2020-12-25,
652,Kiosco Perez,kiosco,4,2021-03-20,
653,Parrilla Duarte,bar_restaurante,5,2020-01-21,
654,Maxikiosco Sanchez,kiosco,4,2023-08-04,
655,Parrilla Gutierrez,bar_restaurante,5,2024-04-02,
656,Maxikiosco Ponce,kiosco,4,2021-12-18,
657,Despensa Ruiz,autoservicio,5,2020-03-11,
658,Autoservicio Mayorista Rodriguez,supermercado,5,2021-08-21,
659,Almacén Nuñez,autoservicio,4,2020-07-24,
660,Almacén Miranda,autoservicio,4,2020-12-07,
661,Autoservicio Mayorista Vargas,supermercado,5,2020-05-23,
662,Maxikiosco Soria,kiosco,4,2020-11-24,
663,Maxikiosco Rodriguez,kiosco,5,2024-10-27,
664,Maxikiosco Caceres,kiosco,5,2021-10-06,
665,Almacén Gomez,autoservicio,5,2021-02-11,
666,Maxikiosco Vera,kiosco,5,2021-05-08,
667,Maxikiosco Ledesma,kiosco,4,2020-01-29,2022-04-05
668,Kiosco Romero,kiosco,5,2020-02-28,
669,Kiosco Rios,kiosco,4,2020-09-09,
670,Pizzería Fernandez,bar_restaurante,5,2021-11-26,
671,Autoservicio Alvarez,autoservicio,5,2020-10-31,
672,Pizzería Blanco,bar_restaurante,4,2021-01-25,
673,Kiosco Acosta,kiosco,4,2020-01-24,
674,Supermercado Roldan,supermercado,4,2021-04-04,
675,Supermercado Sanchez,supermercado,5,2020-01-09,
676,Supermercado Garcia,supermercado,5,2021-12-07,
677,Maxikiosco Fernandez,kiosco,4,2022-04-02,2024-04-07
678,Kiosco Nuñez,kiosco,4,2020-08-23,
679,Restaurante Rodriguez,bar_restaurante,5,2020-02-23,
680,Distribuidora Vera,mayorista,4,2020-03-12,
681,Autoservicio Mayorista Sosa,supermercado,4,2020-03-04,
682,Almacén Gutierrez,autoservicio,5,2020-03-09,
683,Autoservicio Gomez,autoservicio,4,2021-09-12,2022-06-19
684,Supermercado Perez,supermercado,5,2020-06-27,
685,Parrilla Gutierrez,bar_restaurante,4,2021-06-26,
686,Bar Romero,bar_restaurante,4,2021-08-23,
687,Mayorista Perez,mayorista,5,2021-10-12,
688,Maxikiosco Ruiz,kiosco,4,2020-01-25,
689,Autoservicio Mayorista Moreno,supermercado,5,2020-05-08,
690,Restaurante Sanchez,bar_restaurante,5,2021-05-02,
691,Parrilla Figueroa,bar_restaurante,4,2020-10-18,
692,Kiosco Rivero,kiosco,5,2022-05-26,
693,Supermercado Carrizo,supermercado,5,2021-04-26,
694,Kiosco Perez,kiosco,5,2024-09-15,
695,Maxikiosco Gomez,kiosco,5,2021-12-06,
696,Maxikiosco Rojas,kiosco,5,2021-02-05,
697,Maxikiosco Molina,kiosco,6,2021-09-23,2024-10-04
698,Bar Rodriguez,bar_restaurante,4,2021-09-14,
699,Despensa Aguirre,autoservicio,5,2022-03-16,
700,Kiosco Alvarez,kiosco,5,2021-06-13,
701,Restaurante Morales,bar_restaurante,4,2020-03-15,
702,Bar Gimenez,bar_restaurante,4,2021-06-07,
703,Kiosco Lopez,kiosco,5,2020-02-12,
704,Pizzería Diaz,bar_restaurante,4,2021-09-29,
705,Pizzería Gonzalez,bar_restaurante,5,2021-10-04,
706,Maxikiosco Castro,kiosco,4,2021-12-24,
707,Bar Gutierrez,bar_restaurante,4,2020-08-29,
708,Autoservicio Mayorista Perez,supermercado,4,2022-06-10,
709,Kiosco Maidana,kiosco,5,2020-09-03,
710,Kiosco Medina,kiosco,5,2020-04-27,
711,Despensa Medina,autoservicio,5,2021-12-25,
712,Despensa Romero,autoservicio,5,2020-10-10,
713,Pizzería Fernandez,bar_restaurante,5,2020-07-30,
714,Supermercado Mendez,supermercado,5,2021-08-03,
715,Supermercado Valdez,supermercado,5,2021-02-08,
716,Bar Ramirez,bar_restaurante,5,2020-09-06,
717,Bar Lopez,bar_restaurante,5,2021-05-30,
718,Maxikiosco Acosta,kiosco,5,2020-08-03,2023-11-04
719,Restaurante Ledesma,bar_restaurante,5,2021-02-22,
720,Supermercado Soria,supermercado,5,2024-05-31,
721,Kiosco Moreno,kiosco,5,2021-12-08,
722,Almacén Fernandez,autoservicio,5,2021-06-09,
723,Distribuidora Franco,mayorista,5,2022-09-22,
724,Restaurante Torres,bar_restaurante,5,2021-12-11,
725,Restaurante Ferreyra,bar_restaurante,5,2024-06-28,
726,Autoservicio Mayorista Ortiz,supermercado,5,2020-03-22,
727,Autoservicio Mayorista Carrizo,supermercado,5,2021-12-16,
728,Mayorista Acuña,mayorista,4,2020-01-14,
729,Kiosco Soto,kiosco,5,2020-09-07,
730,Kiosco Moreno,kiosco,5,2021-10-11,
731,Autoservicio Nuñez,autoservicio,5,2020-06-28,
732,Kiosco Suarez,kiosco,5,2021-09-14,
733,Autoservicio Mayorista Cabrera,supermercado,5,2023-07-07,
734,Pizzería Correa,bar_restaurante,5,2023-11-04,
735,Despensa Gonzalez,autoservicio,6,2022-01-18,
736,Mayorista Romero,mayorista,4,2020-12-19,
737,Maxikiosco Gonzalez,kiosco,5,2020-04-13,
738,Kiosco Aguero,kiosco,5,2021-08-22,
739,Mayorista Escobar,mayorista,5,2024-08-29,
740,Mayorista Rodriguez,mayorista,5,2021-08-08,
741,Almacén Gimenez,autoservicio,4,2020-07-11,
742,Autoservicio Gonzalez,autoservicio,5,2022-02-17,
743,Maxikiosco Gomez,kiosco,4,2021-12-22,
744,Kiosco Moyano,kiosco,4,2020-06-10,
745,Restaurante Peralta,bar_restaurante,4,2021-01-13,
746,Pizzería Lopez,bar_restaurante,5,2021-03-25,
747,Almacén Vargas,autoservicio,4,2020-06-29,
748,Parrilla Bustos,bar_restaurante,5,2020-07-22,
749,Bar Soria,bar_restaurante,5,2020-05-29,
750,Supermercado Suarez,supermercado,5,2020-03-19,
751,Kiosco Molina,kiosco,5,2021-01-04,
752,Despensa Gomez,autoservicio,4,2021-01-26,2024-01-26
753,Autoservicio Mayorista Hernandez,supermercado,5,2021-07-06,
754,Maxikiosco Godoy,kiosco,4,2021-01-30,
755,Kiosco Mansilla,kiosco,4,2020-05-29,
756,Kiosco Diaz,kiosco,4,2023-05-31,
757,Supermercado Perez,supermercado,4,2021-10-12,
758,Parrilla Morales,bar_restaurante,5,2021-09-10,
759,Despensa Morales,autoservicio,5,2023-10-22,
760,Kiosco Rodriguez,kiosco,5,2020-02-16,
761,Autoservicio Mayorista Nuñez,supermercado,5,2021-06-23,
762,Despensa Perez,autoservicio,5,2020-09-13,2023-04-13
763,Maxikiosco Muñoz,kiosco,5,2020-06-23,
764,Kiosco Martinez,kiosco,4,2021-07-03,
765,Maxikiosco Nuñez,kiosco,5,2021-12-22,2024-02-07
766,Kiosco Torres,kiosco,4,2021-08-19,
767,Mayorista Mendez,mayorista,5,2023-04-20,
768,Autoservicio Garcia,autoservicio,5,2020-10-27,
769,Restaurante Fernandez,bar_restaurante,5,2021-08-09,
770,Despensa Morales,autoservicio,5,2021-09-17,
771,Mayorista Gomez,mayorista,5,2024-11-04,
772,Pizzería Flores,bar_restaurante,5,2021-06-17,
773,Autoservicio Roldan,autoservicio,5,2021-12-13,
774,Autoservicio Ramirez,autoservicio,4,2020-01-12,
775,Autoservicio Castro,autoservicio,4,2020-03-07,
776,Pizzería Sanchez,bar_restaurante,4,2020-04-26,
777,Kiosco Sanchez,kiosco,5,2021-07-03,
778,Almacén Lopez,autoservicio,4,2020-10-22,
779,Despensa Vera,autoservicio,4,2020-03-06,
780,Restaurante Martinez,bar_restaurante,5,2023-02-04,
781,Autoservicio Vera,autoservicio,5,2021-12-03,
782,Distribuidora Correa,mayorista,4,2023-12-15,
783,Kiosco Ortiz,kiosco,5,2020-03-04,
784,Maxikiosco Avila,kiosco,5,2021-03-30,
785,Kiosco Fernandez,kiosco,4,2021-05-25,
786,Restaurante Rodriguez,bar_restaurante,5,2021-04-16,
787,Maxikiosco Acosta,kiosco,4,2020-10-31,
788,Kiosco Benitez,kiosco,4,2021-07-30,
789,Pizzería Ramirez,bar_restaurante,5,2021-04-05,
790,Autoservicio Mayorista Castro,supermercado,4,2021-12-25,
791,Despensa Vera,autoservicio,5,2020-11-09,
792,Kiosco Pereyra,kiosco,5,2020-09-26,
793,Almacén Benitez,autoservicio,4,2021-02-02,
794,Autoservicio Mayorista Leiva,supermercado,5,2020-07-28,
795,Maxikiosco Carrizo,kiosco,5,2020-07-31,
796,Bar Vega,bar_restaurante,5,2020-02-22,
797,Distribuidora Gonzalez,mayorista,5,2021-03-20,
798,Autoservicio Mayorista Fernandez,supermercado,4,2021-11-16,
799,Kiosco Vera,kiosco,5,2020-09-25,
800,Kiosco Suarez,kiosco,5,2021-08-15,
801,Despensa Luna,autoservicio,5,2020-01-22,
802,Bar Ramirez,bar_restaurante,4,2020-04-13,
803,Kiosco Castro,kiosco,4,2023-02-05,
804,Almacén Pereyra,autoservicio,4,2021-08-19,
805,Mayorista Avila,mayorista,5,2020-11-02,
806,Almacén Rodriguez,autoservicio,4,2021-08-30,
807,Parrilla Navarro,bar_restaurante,4,2021-11-10,
808,Restaurante Ponce,bar_restaurante,5,2020-01-29,
809,Kiosco Alvarez,kiosco,4,2020-10-20,
810,Autoservicio Mayorista Castro,supermercado,5,2020-03-12,
811,Despensa Navarro,autoservicio,5,2021-08-17,
812,Autoservicio Mayorista Molina,supermercado,5,2020-05-10,
813,Pizzería Vazquez,bar_restaurante,5,2020-08-11,
814,Maxikiosco Rojas,kiosco,5,2022-03-12,
815,Autoservicio Nuñez,autoservicio,5,2020-06-01,
816,Restaurante Medina,bar_restaurante,5,2021-05-29,
817,Maxikiosco Herrera,kiosco,4,2020-01-28,
818,Kiosco Sanchez,kiosco,4,2021-08-22,
819,Autoservicio Gonzalez,autoservicio,4,2020-05-20,
820,Kiosco Torres,kiosco,5,2020-09-02,
821,Maxikiosco Sanchez,kiosco,5,2021-12-02,
822,Maxikiosco Aguero,kiosco,5,2020-09-05,
823,Maxikiosco Velazquez,kiosco,5,2020-08-19,2023-05-25
824,Autoservicio Mayorista Garcia,supermercado,4,2020-12-30,
825,Restaurante Ortiz,bar_restaurante,4,2021-02-27,
826,Maxikiosco Perez,kiosco,4,2020-02-26,
827,Supermercado Ortiz,supermercado,4,2020-06-03,
828,Kiosco Fernandez,kiosco,4,2020-06-20,
829,Almacén Soria,autoservicio,6,2021-06-10,
830,Maxikiosco Diaz,kiosco,4,2020-02-29,
831,Maxikiosco Ruiz,kiosco,5,2020-07-15,
832,Bar Soto,bar_restaurante,4,2020-09-18,
833,Kiosco Godoy,kiosco,4,2020-07-28,
834,Kiosco Cabrera,kiosco,5,2020-07-12,
835,Autoservicio Mayorista Nuñez,supermercado,4,2020-08-25,
836,Maxikiosco Martinez,kiosco,4,2024-02-18,
837,Bar Ruiz,bar_restaurante,5,2021-03-16,
838,Autoservicio Mayorista Diaz,supermercado,5,2020-12-17,
839,Autoservicio Mayorista Arias,supermercado,4,2021-08-23,
840,Autoservicio Mayorista Diaz,supermercado,5,2021-09-11,
841,Supermercado Perez,supermercado,5,2021-04-28,
842,Mayorista Hernandez,mayorista,5,2022-09-18,
843,Autoservicio Mayorista Sosa,supermercado,5,2020-08-20,
844,Autoservicio Mayorista Fernandez,supermercado,5,2021-09-13,
845,Maxikiosco Maldonado,kiosco,5,2020-06-02,
846,Bar Garcia,bar_restaurante,4,2022-05-09,
847,Restaurante Molina,bar_restaurante,5,2021-12-31,2022-09-21
848,Bar Fernandez,bar_restaurante,5,2020-02-13,
849,Maxikiosco Caceres,kiosco,5,2020-04-25,
850,Despensa Acuña,autoservicio,5,2020-01-18,2023-12-02
851,Maxikiosco Ramirez,kiosco,4,2021-02-24,
852,Maxikiosco Paz,kiosco,4,2021-09-03,
853,Autoservicio Gomez,autoservicio,5,2021-03-07,
854,Despensa Diaz,autoservicio,4,2021-04-26,
855,Autoservicio Miranda,autoservicio,5,2020-08-18,
856,Pizzería Gimenez,bar_restaurante,5,2020-08-23,
857,Almacén Velazquez,autoservicio,5,2021-01-16,
858,Almacén Sosa,autoservicio,5,2020-12-19,
859,Pizzería Velazquez,bar_restaurante,4,2021-02-13,
860,Restaurante Castillo,bar_restaurante,5,2021-08-06,
861,Maxikiosco Perez,kiosco,5,2020-02-28,
862,Supermercado Avila,supermercado,5,2021-09-17,2022-05-23
863,Kiosco Herrera,kiosco,5,2020-10-07,
864,Supermercado Villalba,supermercado,5,2020-12-25,
865,Restaurante Gomez,bar_restaurante,5,2021-01-28,
866,Supermercado Fernandez,supermercado,4,2021-05-01,
867,Supermercado Perez,supermercado,5,2021-01-18,
868,Autoservicio Mayorista Rodriguez,supermercado,4,2021-04-12,
869,Autoservicio Diaz,autoservicio,5,2020-12-02,
870,Bar Ojeda,bar_restaurante,5,2024-10-05,
871,Maxikiosco Vazquez,kiosco,5,2021-04-23,
872,Autoservicio Alvarez,autoservicio,5,2021-10-30,2022-08-11
873,Kiosco Fernandez,kiosco,5,2021-12-28,
874,Bar Vera,bar_restaurante,4,2021-02-08,
875,Kiosco Cordoba,kiosco,4,2020-02-22,2024-06-07
876,Distribuidora Fernandez,mayorista,5,2020-06-18,
877,Kiosco Franco,kiosco,5,2020-05-19,
878,Maxikiosco Romero,kiosco,5,2020-03-04,
879,Almacén Martinez,autoservicio,4,2020-05-16,
880,Kiosco Paez,kiosco,4,2021-08-25,
881,Maxikiosco Sosa,kiosco,5,2020-06-09,
882,Kiosco Diaz,kiosco,6,2020-10-18,2024-05-05
883,Autoservicio Mayorista Sosa,supermercado,4,2023-05-14,
884,Autoservicio Duarte,autoservicio,5,2021-01-28,
885,Maxikiosco Maldonado,kiosco,5,2022-12-03,
886,Maxikiosco Lopez,kiosco,5,2020-01-17,
887,Autoservicio Gomez,autoservicio,5,2021-09-08,
888,Maxikiosco Nuñez,kiosco,5,2022-02-02,
889,Despensa Ramirez,autoservicio,4,2021-05-31,
890,Autoservicio Rodriguez,autoservicio,5,2021-01-09,
891,Despensa Ramirez,autoservicio,5,2022-04-11,2023-01-14
892,Despensa Martin,autoservicio,5,2021-03-05,2024-02-23
893,Bar Garcia,bar_restaurante,5,2020-01-31,
894,Kiosco Campos,kiosco,5,2024-08-26,
895,Maxikiosco Soria,kiosco,4,2021-07-11,
896,Bar Ruiz,bar_restaurante,7,2021-07-18,
897,Almacén Roldan,autoservicio,10,2021-11-18,
898,Pizzería Ojeda,bar_restaurante,7,2024-05-28,
899,Autoservicio Gonzalez,autoservicio,10,2021-07-30,
900,Kiosco Paez,kiosco,7,2020-08-24,
901,Almacén Lopez,autoservicio,11,2020-02-13,
902,Supermercado Moreno,supermercado,7,2021-05-11,2022-06-09
903,Restaurante Coronel,bar_restaurante,7,2021-10-16,2022-08-05
904,Maxikiosco Rodriguez,kiosco,11,2020-09-08,
905,Restaurante Aguirre,bar_restaurante,11,2021-11-25,
906,Bar Martinez,bar_restaurante,7,2020-12-26,
907,Kiosco Perez,kiosco,11,2021-10-14,
908,Restaurante Romero,bar_restaurante,9,2021-10-14,
909,Autoservicio Mayorista Molina,supermercado,7,2021-12-16,
910,Maxikiosco Rodriguez,kiosco,10,2020-10-24,
911,Kiosco Herrera,kiosco,11,2021-01-09,
912,Kiosco Ponce,kiosco,11,2021-07-21,
913,Despensa Torres,autoservicio,10,2022-12-12,
914,Mayorista Bravo,mayorista,7,2021-01-28,
915,Pizzería Fernandez,bar_restaurante,10,2020-05-27,
916,Distribuidora Torres,mayorista,7,2021-09-11,
917,Maxikiosco Ramirez,kiosco,11,2021-07-23,
918,Autoservicio Suarez,autoservicio,11,2020-09-29,
919,Kiosco Sanchez,kiosco,10,2021-10-01,
920,Mayorista Rodriguez,mayorista,9,2021-11-17,2022-04-14
921,Kiosco Morales,kiosco,10,2021-01-11,
922,Autoservicio Mayorista Suarez,supermercado,11,2021-03-24,
923,Kiosco Mendez,kiosco,9,2021-08-11,
924,Parrilla Martinez,bar_restaurante,10,2021-10-21,
925,Maxikiosco Fernandez,kiosco,9,2020-11-30,
926,Almacén Diaz,autoservicio,11,2020-01-31,
927,Supermercado Rivero,supermercado,10,2021-06-20,
928,Parrilla Martin,bar_restaurante,11,2020-01-16,
929,Kiosco Rodriguez,kiosco,10,2020-08-14,
930,Autoservicio Mayorista Morales,supermercado,10,2020-02-03,
931,Kiosco Carrizo,kiosco,7,2020-09-21,
932,Almacén Castillo,autoservicio,9,2021-04-26,
933,Supermercado Maidana,supermercado,7,2020-09-27,
934,Despensa Fernandez,autoservicio,11,2021-01-27,
935,Maxikiosco Maidana,kiosco,11,2023-10-28,
936,Maxikiosco Leiva,kiosco,7,2020-07-24,
937,Despensa Perez,autoservicio,11,2020-01-06,
938,Supermercado Aguirre,supermercado,10,2022-10-21,
939,Autoservicio Mayorista Moyano,supermercado,7,2021-07-29,
940,Supermercado Martinez,supermercado,10,2020-12-03,
941,Parrilla Garcia,bar_restaurante,10,2021-09-20,2024-08-16
942,Kiosco Vazquez,kiosco,7,2021-09-24,
943,Kiosco Quiroga,kiosco,9,2020-08-06,
944,Mayorista Diaz,mayorista,11,2020-02-05,
945,Bar Romero,bar_restaurante,9,2021-06-13,
946,Supermercado Fernandez,supermercado,11,2020-03-25,
947,Kiosco Gomez,kiosco,11,2020-03-07,2022-10-03
948,Autoservicio Mayorista Sanchez,supermercado,11,2020-01-23,
949,Maxikiosco Rodriguez,kiosco,11,2020-12-04,2023-01-06
950,Kiosco Diaz,kiosco,11,2020-09-09,
951,Distribuidora Ramirez,mayorista,11,2020-07-02,
952,Kiosco Romero,kiosco,11,2021-10-02,
953,Distribuidora Rodriguez,mayorista,11,2021-08-17,
954,Maxikiosco Rodriguez,kiosco,11,2024-06-11,
955,Maxikiosco Aguirre,kiosco,11,2020-04-29,2024-07-04
956,Pizzería Ramos,bar_restaurante,7,2020-12-24,
957,Restaurante Gonzalez,bar_restaurante,11,2020-02-23,
958,Despensa Garcia,autoservicio,11,2021-01-05,
959,Maxikiosco Flores,kiosco,11,2020-04-07,
960,Maxikiosco Diaz,kiosco,7,2021-12-15,
961,Autoservicio Herrera,autoservicio,11,2020-09-24,
962,Kiosco Suarez,kiosco,11,2021-05-26,
963,Kiosco Rodriguez,kiosco,11,2021-06-11,
964,Kiosco Torres,kiosco,10,2020-12-07,
965,Maxikiosco Gomez,kiosco,10,2024-03-24,
966,Bar Torres,bar_restaurante,7,2021-04-12,
967,Maxikiosco Romero,kiosco,7,2020-04-21,
968,Pizzería Gonzalez,bar_restaurante,9,2020-11-23,
969,Kiosco Maldonado,kiosco,11,2021-02-04,2022-10-16
970,Kiosco Mansilla,kiosco,10,2021-02-22,
971,Maxikiosco Rios,kiosco,9,2021-12-28,
972,Maxikiosco Sosa,kiosco,11,2021-04-30,
973,Kiosco Rodriguez,kiosco,11,2020-11-01,
974,Autoservicio Velazquez,autoservicio,11,2020-04-30,
975,Almacén Ortiz,autoservicio,10,2020-03-02,
976,Maxikiosco Torres,kiosco,9,2021-12-26,
977,Maxikiosco Romero,kiosco,11,2020-01-27,
978,Almacén Alvarez,autoservicio,7,2024-10-11,
979,Autoservicio Lopez,autoservicio,11,2020-02-04,
980,Despensa Duarte,autoservicio,10,2020-01-05,
981,Autoservicio Romero,autoservicio,11,2020-12-11,
982,Autoservicio Mayorista Avila,supermercado,10,2021-10-11,
983,Maxikiosco Gimenez,kiosco,10,2021-07-21,
984,Maxikiosco Soto,kiosco,10,2020-11-17,
985,Kiosco Molina,kiosco,11,2020-05-03,
986,Maxikiosco Medina,kiosco,11,2020-11-04,
987,Autoservicio Mayorista Ledesma,supermercado,7,2021-03-07,
988,Kiosco Morales,kiosco,11,2021-06-03,
989,Supermercado Ayala,supermercado,11,2021-08-11,
990,Kiosco Ojeda,kiosco,10,2023-02-15,
991,Kiosco Leiva,kiosco,7,2021-06-29,
992,Mayorista Mendoza,mayorista,9,2021-02-07,
993,Parrilla Bravo,bar_restaurante,10,2022-03-19,2024-10-04
994,Autoservicio Mayorista Aguero,supermercado,10,2020-05-24,
995,Supermercado Hernandez,supermercado,11,2023-03-14,
996,Restaurante Muñoz,bar_restaurante,10,2022-03-12,
997,Maxikiosco Martinez,kiosco,10,2020-03-04,
998,Bar Dominguez,bar_restaurante,11,2021-02-20,2022-04-17
999,Maxikiosco Rodriguez,kiosco,7,2020-11-23,2024-04-15
1000,Kiosco Sanchez,kiosco,11,2022-10-25,
1001,Almacén Paez,autoservicio,11,2022-06-25,
1002,Pizzería Martinez,bar_restaurante,7,2020-08-21,2024-04-16
1003,Kiosco Muñoz,kiosco,11,2020-07-20,
1004,Autoservicio Ramirez,autoservicio,10,2021-02-18,
1005,Autoservicio Mayorista Roldan,supermercado,7,2020-11-15,
1006,Bar Garcia,bar_restaurante,10,2020-10-24,
1007,Pizzería Rodriguez,bar_restaurante,11,2023-09-18,
1008,Maxikiosco Vargas,kiosco,7,2021-12-31,
1009,Maxikiosco Rivero,kiosco,11,2021-01-30,
1010,Supermercado Romero,supermercado,10,2021-12-12,
1011,Parrilla Coronel,bar_restaurante,11,2020-10-30,
1012,Maxikiosco Rodriguez,kiosco,11,2021-10-09,2022-06-12
1013,Maxikiosco Fernandez,kiosco,7,2023-04-19,
1014,Autoservicio Mayorista Ferreyra,supermercado,10,2020-11-07,
1015,Maxikiosco Perez,kiosco,11,2020-01-27,
1016,Maxikiosco Silva,kiosco,11,2020-05-28,
1017,Bar Lopez,bar_restaurante,10,2021-02-07,
1018,Kiosco Caceres,kiosco,11,2020-07-23,
1019,Maxikiosco Cordoba,kiosco,7,2020-05-30,
1020,Maxikiosco Ferreyra,kiosco,10,2020-11-20,
1021,Pizzería Gomez,bar_restaurante,10,2021-02-24,
1022,Kiosco Flores,kiosco,10,2021-05-12,
1023,Despensa Moyano,autoservicio,10,2021-08-29,
1024,Almacén Escobar,autoservicio,10,2020-03-21,
1025,Maxikiosco Diaz,kiosco,10,2020-05-27,
1026,Almacén Ponce,autoservicio,10,2020-12-18,
1027,Maxikiosco Martin,kiosco,10,2022-06-03,
1028,Maxikiosco Martin,kiosco,11,2021-06-03,
1029,Autoservicio Mayorista Ponce,supermercado,7,2021-10-27,
1030,Mayorista Garcia,mayorista,11,2021-11-19,
1031,Autoservicio Mayorista Gonzalez,supermercado,10,2021-06-16,
1032,Kiosco Pereyra,kiosco,10,2020-07-21,
1033,Maxikiosco Gimenez,kiosco,11,2021-09-23,
1034,Parrilla Vera,bar_restaurante,9,2021-04-05,
1035,Restaurante Rodriguez,bar_restaurante,11,2020-10-19,2024-07-28
1036,Autoservicio Bravo,autoservicio,11,2021-02-09,
1037,Pizzería Gonzalez,bar_restaurante,11,2021-08-08,
1038,Maxikiosco Farias,kiosco,11,2023-11-08,
1039,Kiosco Nuñez,kiosco,11,2020-06-16,
1040,Maxikiosco Maidana,kiosco,7,2021-02-21,
1041,Autoservicio Mayorista Bustos,supermercado,7,2020-06-27,2023-12-03
1042,Maxikiosco Ledesma,kiosco,11,2021-03-30,
1043,Supermercado Rios,supermercado,11,2021-01-10,
1044,Despensa Sosa,autoservicio,11,2020-06-02,
1045,Kiosco Martinez,kiosco,7,2021-03-16,
1046,Maxikiosco Quiroga,kiosco,11,2021-04-08,
1047,Supermercado Campos,supermercado,11,2020-08-21,
1048,Autoservicio Mayorista Fernandez,supermercado,10,2020-06-13,
1049,Mayorista Alvarez,mayorista,11,2021-11-17,
1050,Pizzería Lopez,bar_restaurante,11,2020-02-03,
1051,Bar Alvarez,bar_restaurante,9,2021-12-08,
1052,Parrilla Luna,bar_restaurante,10,2021-06-15,
1053,Autoservicio Gonzalez,autoservicio,10,2021-01-26,
1054,Restaurante Ruiz,bar_restaurante,11,2021-10-04,
1055,Maxikiosco Vera,kiosco,11,2021-09-13,2024-07-22
1056,Bar Pereyra,bar_restaurante,10,2020-09-26,
1057,Distribuidora Perez,mayorista,11,2021-10-16,
1058,Supermercado Gomez,supermercado,10,2020-04-21,
1059,Maxikiosco Cabrera,kiosco,11,2024-12-14,
1060,Bar Martinez,bar_restaurante,10,2021-01-29,
1061,Bar Perez,bar_restaurante,11,2021-08-20,2023-10-06
1062,Kiosco Herrera,kiosco,7,2020-05-04,
1063,Restaurante Castillo,bar_restaurante,10,2020-10-10,
1064,Kiosco Silva,kiosco,10,2020-07-21,
1065,Maxikiosco Moreno,kiosco,11,2020-12-13,
1066,Kiosco Vera,kiosco,11,2020-04-20,
1067,Almacén Romero,autoservicio,7,2021-01-14,
1068,Maxikiosco Gomez,kiosco,11,2021-07-27,
1069,Autoservicio Mayorista Gonzalez,supermercado,10,2022-01-25,
1070,Autoservicio Rodriguez,autoservicio,11,2023-08-24,
1071,Maxikiosco Martinez,kiosco,10,2021-06-27,
1072,Kiosco Fernandez,kiosco,7,2021-08-26,
1073,Pizzería Ramos,bar_restaurante,7,2020-09-06,2024-10-13
1074,Pizzería Gomez,bar_restaurante,11,2021-11-24,
1075,Maxikiosco Carrizo,kiosco,11,2020-02-10,
1076,Maxikiosco Aguero,kiosco,11,2020-04-01,
1077,Maxikiosco Rodriguez,kiosco,11,2020-06-06,
1078,Almacén Ruiz,autoservicio,10,2021-01-19,2022-05-25
1079,Despensa Maldonado,autoservicio,9,2020-01-30,
1080,Maxikiosco Barrios,kiosco,11,2021-02-15,
1081,Almacén Torres,autoservicio,10,2020-02-07,
1082,Maxikiosco Vega,kiosco,10,2021-04-26,2023-05-21
1083,Autoservicio Mayorista Rodriguez,supermercado,11,2020-08-26,
1084,Kiosco Sosa,kiosco,11,2021-03-24,
1085,Distribuidora Nuñez,mayorista,10,2021-04-19,
1086,Pizzería Avila,bar_restaurante,11,2021-11-20,
1087,Kiosco Gomez,kiosco,7,2020-02-05,
1088,Parrilla Pereyra,bar_restaurante,10,2021-03-06,
1089,Almacén Gonzalez,autoservicio,7,2020-01-04,
1090,Pizzería Aguero,bar_restaurante,11,2020-06-01,2024-02-04
1091,Almacén Acosta,autoservicio,11,2023-12-27,
1092,Pizzería Molina,bar_restaurante,11,2020-11-20,
1093,Autoservicio Mayorista Sanchez,supermercado,7,2021-04-13,
1094,Maxikiosco Vega,kiosco,11,2020-01-16,
1095,Despensa Rodriguez,autoservicio,9,2022-12-12,
1096,Kiosco Torres,kiosco,10,2020-10-23,
1097,Bar Miranda,bar_restaurante,7,2020-11-14,
1098,Kiosco Quiroga,kiosco,10,2020-03-17,
1099,Despensa Escobar,autoservicio,9,2022-08-10,
1100,Pizzería Acosta,bar_restaurante,11,2020-10-24,2024-02-27
1101,Maxikiosco Gonzalez,kiosco,11,2020-11-16,
1102,Autoservicio Mayorista Perez,supermercado,9,2020-02-03,
1103,Autoservicio Fernandez,autoservicio,7,2021-01-07,2023-04-21
1104,Mayorista Ramirez,mayorista,11,2022-10-06,
1105,Autoservicio Mayorista Lopez,supermercado,10,2021-12-24,
1106,Almacén Lopez,autoservicio,7,2021-04-21,2024-03-25
1107,Autoservicio Lopez,autoservicio,11,2020-08-28,
1108,Despensa Navarro,autoservicio,11,2023-03-21,
1109,Distribuidora Godoy,mayorista,11,2020-10-06,
1110,Maxikiosco Garcia,kiosco,11,2022-07-14,
1111,Almacén Roldan,autoservicio,7,2020-10-04,
1112,Maxikiosco Martinez,kiosco,11,2021-01-31,
1113,Pizzería Castro,bar_restaurante,11,2024-07-20,
1114,Kiosco Ferreyra,kiosco,9,2020-02-24,
1115,Maxikiosco Perez,kiosco,10,2021-03-24,
1116,Kiosco Lopez,kiosco,10,2020-10-05,
1117,Pizzería Rivero,bar_restaurante,10,2020-11-07,
1118,Autoservicio Alvarez,autoservicio,7,2021-07-12,2023-02-19
1119,Despensa Benitez,autoservicio,11,2020-09-10,
1120,Despensa Coronel,autoservicio,11,2020-04-17,
1121,Mayorista Cardozo,mayorista,11,2020-11-23,
1122,Pizzería Castro,bar_restaurante,11,2020-04-28,
1123,Maxikiosco Pereyra,kiosco,9,2021-03-25,
1124,Kiosco Acosta,kiosco,10,2021-09-27,
1125,Maxikiosco Ramos,kiosco,11,2023-03-24,
1126,Almacén Dominguez,autoservicio,11,2024-03-24,
1127,Autoservicio Mayorista Perez,supermercado,10,2020-10-31,
1128,Despensa Ruiz,autoservicio,7,2023-11-28,
1129,Almacén Castro,autoservicio,10,2020-01-19,
1130,Maxikiosco Castillo,kiosco,11,2020-08-19,
1131,Kiosco Sanchez,kiosco,11,2020-04-29,
1132,Restaurante Martinez,bar_restaurante,9,2020-06-07,
1133,Distribuidora Paez,mayorista,9,2020-05-25,
1134,Restaurante Diaz,bar_restaurante,11,2020-05-20,
1135,Autoservicio Mayorista Diaz,supermercado,10,2020-08-14,
1136,Maxikiosco Diaz,kiosco,11,2020-08-16,
1137,Maxikiosco Escobar,kiosco,10,2020-10-14,
1138,Maxikiosco Lopez,kiosco,7,2021-06-17,
1139,Kiosco Garcia,kiosco,11,2021-05-27,
1140,Autoservicio Muñoz,autoservicio,7,2021-06-15,
1141,Supermercado Silva,supermercado,10,2020-01-22,
1142,Despensa Villalba,autoservicio,11,2020-01-06,
1143,Autoservicio Mayorista Gomez,supermercado,11,2021-08-16,
1144,Maxikiosco Gonzalez,kiosco,11,2021-04-26,
1145,Kiosco Blanco,kiosco,11,2020-10-02,
1146,Almacén Sosa,autoservicio,11,2021-08-16,
1147,Pizzería Pereyra,bar_restaurante,10,2020-02-17,
1148,Kiosco Godoy,kiosco,11,2022-01-07,
1149,Parrilla Gomez,bar_restaurante,7,2020-04-08,
1150,Maxikiosco Guzman,kiosco,7,2020-02-17,2023-02-11
1151,Kiosco Sosa,kiosco,11,2021-08-15,2023-04-03
1152,Almacén Garcia,autoservicio,7,2021-04-07,
1153,Kiosco Diaz,kiosco,7,2021-01-19,
1154,Kiosco Rodriguez,kiosco,7,2021-02-23,
1155,Despensa Bustos,autoservicio,11,2024-06-04,
1156,Maxikiosco Rodriguez,kiosco,11,2020-04-15,
1157,Autoservicio Soria,autoservicio,10,2021-10-31,
1158,Maxikiosco Gomez,kiosco,7,2021-12-05,
1159,Restaurante Bustos,bar_restaurante,7,2023-07-26,
1160,Almacén Martinez,autoservicio,10,2020-09-22,
1161,Supermercado Moreno,supermercado,11,2020-09-18,
1162,Kiosco Martinez,kiosco,7,2020-03-22,
1163,Kiosco Avila,kiosco,10,2020-11-26,
1164,Kiosco Maldonado,kiosco,11,2021-05-07,
1165,Kiosco Ramirez,kiosco,11,2021-08-18,
1166,Mayorista Soto,mayorista,11,2021-01-14,
1167,Kiosco Bustos,kiosco,10,2023-12-18,
1168,Parrilla Godoy,bar_restaurante,11,2021-02-06,
1169,Bar Castro,bar_restaurante,11,2021-10-11,2023-01-10
1170,Maxikiosco Moyano,kiosco,10,2020-07-27,
1171,Pizzería Fernandez,bar_restaurante,10,2021-10-04,
1172,Kiosco Correa,kiosco,10,2021-11-06,
1173,Kiosco Juarez,kiosco,11,2021-11-12,
1174,Kiosco Diaz,kiosco,7,2020-09-11,
1175,Autoservicio Aguero,autoservicio,7,2021-09-22,
1176,Restaurante Bravo,bar_restaurante,11,2021-03-10,
1177,Almacén Medina,autoservicio,11,2020-08-25,
1178,Pizzería Paz,bar_restaurante,10,2021-03-23,
1179,Bar Toledo,bar_restaurante,7,2021-08-01,
1180,Parrilla Gonzalez,bar_restaurante,10,2021-12-18,2023-09-09
1181,Despensa Maidana,autoservicio,11,2020-11-10,2023-10-03
1182,Autoservicio Mayorista Martinez,supermercado,11,2021-03-18,
1183,Restaurante Figueroa,bar_restaurante,10,2020-02-05,
1184,Autoservicio Coronel,autoservicio,10,2021-12-17,
1185,Pizzería Navarro,bar_restaurante,10,2020-02-21,2024-08-17
1186,Distribuidora Guzman,mayorista,11,2021-03-20,
1187,Kiosco Torres,kiosco,10,2020-04-20,2022-06-10
1188,Maxikiosco Coronel,kiosco,11,2020-12-24,
1189,Autoservicio Perez,autoservicio,10,2020-02-06,
1190,Kiosco Acosta,kiosco,11,2021-08-25,
1191,Almacén Benitez,autoservicio,7,2020-03-01,
1192,Maxikiosco Ortiz,kiosco,10,2021-05-31,
1193,Mayorista Luna,mayorista,7,2021-10-28,2023-01-14
1194,Maxikiosco Fernandez,kiosco,7,2021-01-21,
1195,Pizzería Rios,bar_restaurante,11,2021-12-09,
1196,Pizzería Rodriguez,bar_restaurante,10,2021-03-26,
1197,Bar Garcia,bar_restaurante,7,2020-10-08,
1198,Kiosco Gonzalez,kiosco,10,2020-09-28,
1199,Maxikiosco Rodriguez,kiosco,7,2021-12-05,
1200,Kiosco Aguirre,kiosco,11,2021-07-16,
1201,Maxikiosco Martinez,kiosco,11,2021-03-03,
1202,Almacén Cardozo,autoservicio,7,2021-10-20,2024-11-05
1203,Autoservicio Mayorista Luna,supermercado,11,2024-03-30,
1204,Pizzería Rojas,bar_restaurante,7,2021-10-12,
1205,Maxikiosco Lopez,kiosco,11,2021-02-06,
1206,Maxikiosco Perez,kiosco,11,2021-06-21,2024-04-25
1207,Autoservicio Sanchez,autoservicio,7,2021-07-20,
1208,Almacén Gonzalez,autoservicio,10,2021-10-06,
1209,Restaurante Ruiz,bar_restaurante,11,2024-03-21,
1210,Pizzería Cordoba,bar_restaurante,11,2022-06-18,
1211,Pizzería Rodriguez,bar_restaurante,11,2020-08-13,
1212,Kiosco Lopez,kiosco,7,2024-08-26,
1213,Maxikiosco Romero,kiosco,11,2020-08-02,
1214,Parrilla Martinez,bar_restaurante,7,2021-07-09,
1215,Maxikiosco Rios,kiosco,9,2020-06-30,
1216,Autoservicio Mayorista Ortiz,supermercado,11,2021-10-27,
1217,Supermercado Peralta,supermercado,11,2021-08-19,
1218,Bar Herrera,bar_restaurante,9,2021-08-08,2024-02-13
1219,Distribuidora Garcia,mayorista,11,2021-06-01,
1220,Autoservicio Mayorista Ortiz,supermercado,11,2023-07-15,
1221,Autoservicio Castro,autoservicio,11,2020-06-27,
1222,Pizzería Aguirre,bar_restaurante,11,2020-05-05,
1223,Restaurante Herrera,bar_restaurante,11,2022-05-04,
1224,Autoservicio Mayorista Ledesma,supermercado,10,2021-05-16,
1225,Distribuidora Ramirez,mayorista,10,2021-07-10,
1226,Distribuidora Dominguez,mayorista,7,2021-07-23,
1227,Parrilla Sosa,bar_restaurante,11,2020-02-25,
1228,Supermercado Ramos,supermercado,7,2021-01-04,
1229,Kiosco Torres,kiosco,11,2021-05-24,
1230,Kiosco Figueroa,kiosco,11,2021-01-14,
1231,Kiosco Gonzalez,kiosco,10,2021-08-02,
1232,Almacén Acosta,autoservicio,7,2021-10-08,
1233,Kiosco Cabrera,kiosco,10,2020-12-12,
1234,Autoservicio Sanchez,autoservicio,10,2024-08-03,
1235,Autoservicio Dominguez,autoservicio,11,2022-08-26,2024-11-16
1236,Despensa Juarez,autoservicio,7,2020-07-03,
1237,Kiosco Ledesma,kiosco,11,2021-02-21,
1238,Restaurante Lopez,bar_restaurante,11,2020-01-24,
1239,Maxikiosco Bustos,kiosco,11,2021-03-20,
1240,Kiosco Suarez,kiosco,7,2021-04-11,
1241,Maxikiosco Paez,kiosco,11,2021-12-19,
1242,Despensa Figueroa,autoservicio,9,2022-10-31,
1243,Maxikiosco Rodriguez,kiosco,7,2021-06-26,2024-07-13
1244,Bar Blanco,bar_restaurante,11,2021-01-27,2024-07-17
1245,Kiosco Pereyra,kiosco,11,2020-11-23,2023-09-06
1246,Maxikiosco Luna,kiosco,11,2021-07-25,
1247,Bar Paez,bar_restaurante,11,2021-08-06,
1248,Despensa Gonzalez,autoservicio,7,2021-02-08,
1249,Bar Villalba,bar_restaurante,9,2021-01-22,
1250,Kiosco Rodriguez,kiosco,11,2021-05-28,
1251,Pizzería Carrizo,bar_restaurante,10,2020-01-08,
1252,Autoservicio Fernandez,autoservicio,11,2020-03-25,
1253,Maxikiosco Ayala,kiosco,10,2021-12-26,
1254,Supermercado Gimenez,supermercado,9,2021-12-06,
1255,Maxikiosco Mansilla,kiosco,11,2021-09-03,2023-07-11
1256,Bar Herrera,bar_restaurante,7,2020-07-12,
1257,Autoservicio Mayorista Carrizo,supermercado,10,2021-08-31,
1258,Restaurante Martinez,bar_restaurante,11,2020-02-04,
1259,Maxikiosco Pereyra,kiosco,10,2021-12-20,
1260,Kiosco Dominguez,kiosco,11,2020-12-30,
1261,Despensa Romero,autoservicio,11,2020-10-11,
1262,Autoservicio Acuña,autoservicio,11,2020-02-05,
1263,Kiosco Ferreyra,kiosco,10,2021-10-24,
1264,Maxikiosco Gonzalez,kiosco,11,2021-01-01,
1265,Autoservicio Mayorista Gutierrez,supermercado,7,2024-10-26,
1266,Autoservicio Perez,autoservicio,11,2023-06-06,
1267,Parrilla Fernandez,bar_restaurante,10,2020-02-17,
1268,Maxikiosco Garcia,kiosco,10,2021-09-21,
1269,Autoservicio Mayorista Castro,supermercado,7,2021-12-18,
1270,Mayorista Gutierrez,mayorista,11,2021-09-16,2022-09-16
1271,Maxikiosco Nuñez,kiosco,7,2021-04-03,
1272,Almacén Ponce,autoservicio,11,2023-07-13,
1273,Autoservicio Pereyra,autoservicio,11,2024-08-22,
1274,Despensa Torres,autoservicio,7,2020-11-05,
1275,Maxikiosco Villalba,kiosco,7,2023-02-03,
1276,Kiosco Guzman,kiosco,11,2021-08-25,
1277,Distribuidora Sosa,mayorista,7,2023-04-05,
1278,Supermercado Rojas,supermercado,10,2020-08-20,
1279,Bar Moreno,bar_restaurante,10,2020-07-14,
1280,Kiosco Franco,kiosco,7,2021-04-27,
1281,Parrilla Sanchez,bar_restaurante,11,2021-02-21,
1282,Maxikiosco Ramos,kiosco,10,2022-11-29,
1283,Kiosco Lopez,kiosco,10,2023-06-10,2024-03-23
1284,Almacén Mansilla,autoservicio,7,2020-01-11,
1285,Maxikiosco Aguero,kiosco,10,2022-03-15,2022-12-05
1286,Kiosco Rios,kiosco,11,2021-05-17,
1287,Kiosco Gomez,kiosco,9,2021-08-08,2022-05-21
1288,Pizzería Ramirez,bar_restaurante,11,2022-05-06,
1289,Parrilla Gomez,bar_restaurante,7,2020-10-07,
1290,Almacén Mansilla,autoservicio,7,2020-04-12,
1291,Despensa Vargas,autoservicio,11,2020-02-02,
1292,Autoservicio Mayorista Garcia,supermercado,7,2020-09-26,
1293,Distribuidora Benitez,mayorista,10,2021-05-02,
1294,Kiosco Mendoza,kiosco,7,2020-04-07,
1295,Kiosco Rios,kiosco,10,2021-01-07,2022-11-29
1296,Maxikiosco Martinez,kiosco,11,2020-09-01,
1297,Maxikiosco Velazquez,kiosco,9,2021-04-14,
1298,Maxikiosco Herrera,kiosco,7,2021-05-20,
1299,Restaurante Rios,bar_restaurante,7,2020-05-19,
1300,Kiosco Rodriguez,kiosco,11,2024-06-01,
1301,Supermercado Ruiz,supermercado,11,2021-06-20,
1302,Supermercado Fernandez,supermercado,7,2020-07-15,
1303,Bar Alvarez,bar_restaurante,11,2020-01-04,
1304,Restaurante Martinez,bar_restaurante,11,2021-06-21,
1305,Despensa Vargas,autoservicio,11,2020-12-02,
1306,Supermercado Rivero,supermercado,10,2023-07-23,
1307,Autoservicio Mayorista Valdez,supermercado,10,2021-05-31,
1308,Bar Vera,bar_restaurante,11,2020-03-06,
1309,Restaurante Lopez,bar_restaurante,9,2021-06-16,
1310,Kiosco Rodriguez,kiosco,7,2021-07-16,
1311,Maxikiosco Lucero,kiosco,11,2020-02-03,
1312,Autoservicio Mayorista Torres,supermercado,10,2020-12-26,
1313,Autoservicio Mayorista Gomez,supermercado,11,2020-05-16,2022-08-23
1314,Distribuidora Sosa,mayorista,7,2021-09-10,
1315,Maxikiosco Rivero,kiosco,9,2020-09-11,
1316,Supermercado Moreno,supermercado,10,2021-05-23,
1317,Pizzería Herrera,bar_restaurante,7,2021-09-16,
1318,Supermercado Olivera,supermercado,10,2023-06-09,
1319,Kiosco Carrizo,kiosco,11,2020-03-12,
1320,Almacén Rodriguez,autoservicio,11,2020-02-25,
1321,Maxikiosco Bravo,kiosco,7,2020-04-15,2022-09-13
1322,Autoservicio Castillo,autoservicio,11,2020-06-24,
1323,Autoservicio Mayorista Mansilla,supermercado,7,2020-10-04,
1324,Bar Figueroa,bar_restaurante,11,2021-11-25,
1325,Kiosco Navarro,kiosco,11,2020-12-19,
1326,Autoservicio Gutierrez,autoservicio,10,2020-04-25,2024-06-02
1327,Autoservicio Mayorista Gomez,supermercado,7,2021-03-27,2023-11-09
1328,Distribuidora Cardozo,mayorista,7,2021-04-25,
1329,Distribuidora Cruz,mayorista,7,2021-04-25,
1330,Almacén Acosta,autoservicio,7,2021-07-24,
1331,Despensa Gonzalez,autoservicio,10,2021-01-04,
1332,Despensa Medina,autoservicio,11,2020-03-24,
1333,Maxikiosco Pereyra,kiosco,11,2024-05-09,
1334,Pizzería Gonzalez,bar_restaurante,10,2020-09-05,2024-03-16
1335,Despensa Ponce,autoservicio,11,2020-01-27,
1336,Autoservicio Gonzalez,autoservicio,11,2021-06-02,
1337,Pizzería Gimenez,bar_restaurante,10,2021-10-05,
1338,Supermercado Gutierrez,supermercado,9,2023-06-12,
1339,Maxikiosco Lopez,kiosco,11,2021-06-30,
1340,Supermercado Roldan,supermercado,9,2023-09-18,
1341,Mayorista Gonzalez,mayorista,10,2020-07-13,
1342,Mayorista Leiva,mayorista,7,2023-04-07,
1343,Autoservicio Mayorista Carrizo,supermercado,11,2021-10-03,
1344,Autoservicio Mayorista Soria,supermercado,11,2021-04-11,
1345,Mayorista Juarez,mayorista,11,2021-07-25,
1346,Autoservicio Moreno,autoservicio,10,2020-07-19,
1347,Restaurante Gonzalez,bar_restaurante,10,2020-11-12,
1348,Autoservicio Mayorista Cabrera,supermercado,10,2020-04-05,
1349,Autoservicio Rodriguez,autoservicio,11,2020-08-16,
1350,Maxikiosco Vazquez,kiosco,10,2021-12-12,
1351,Supermercado Duarte,supermercado,10,2020-04-11,
1352,Kiosco Bravo,kiosco,11,2024-07-30,
1353,Autoservicio Lopez,autoservicio,7,2020-11-02,
1354,Maxikiosco Juarez,kiosco,10,2020-04-10,
1355,Maxikiosco Gonzalez,kiosco,11,2021-01-29,
1356,Maxikiosco Perez,kiosco,8,2021-08-17,
1357,Despensa Gomez,autoservicio,11,2020-11-29,
1358,Mayorista Romero,mayorista,7,2021-04-19,
1359,Kiosco Gomez,kiosco,10,2020-08-21,
1360,Kiosco Nuñez,kiosco,11,2020-05-29,
1361,Maxikiosco Barrios,kiosco,11,2020-07-27,
1362,Maxikiosco Ortiz,kiosco,10,2020-03-25,
1363,Autoservicio Romero,autoservicio,7,2021-04-15,
