mantenimiento_id,insumo_id,cantidad,costo_total
1,1,10.0,55595
1,2,1.0,9867
2,6,1.0,78790
3,1,9.0,64605
3,2,1.0,12812
4,5,2.0,602839
5,4,1.0,16698
6,3,1.0,21376
6,9,1.0,251421
7,1,14.0,103979
7,2,1.0,14111
8,1,8.0,80420
8,2,1.0,18152
9,6,1.0,143767
10,1,14.0,152115
10,2,1.0,19348
11,8,1.0,519937
11,12,3.0,42024
12,1,14.0,165330
12,2,1.0,21615
13,11,1.0,75133
13,10,1.0,247806
14,1,9.0,131557
14,2,1.0,25070
15,6,1.0,192611
16,5,6.0,3380380
17,1,14.0,238360
17,2,1.0,29850
18,5,2.0,395985
19,1,13.0,62932
19,2,1.0,8606
20,1,8.0,53786
20,2,1.0,10832
21,6,1.0,95442
22,9,1.0,206787
23,1,14.0,95228
23,2,1.0,12489
24,8,1.0,361021
24,12,4.0,38056
25,1,13.0,108935
25,2,1.0,15642
26,1,12.0,114451
26,2,1.0,16907
27,6,1.0,149091
28,5,6.0,2499319
29,1,12.0,136722
29,2,1.0,21719
30,1,13.0,161058
30,2,1.0,22774
31,1,8.0,118183
31,2,1.0,23996
32,6,1.0,192538
33,1,13.0,67678
33,2,1.0,9345
34,1,12.0,64855
34,2,1.0,10577
35,6,1.0,79091
36,9,1.0,229352
37,1,12.0,90161
37,2,1.0,12836
38,11,1.0,40372
38,9,1.0,230441
39,5,4.0,1180237
40,9,1.0,241310
41,1,10.0,79636
41,2,1.0,14019
42,7,1.0,175085
43,1,13.0,121573
43,2,1.0,17004
44,6,1.0,136797
45,3,1.0,29637
46,1,11.0,115664
46,2,1.0,20368
47,8,1.0,575417
47,12,4.0,61532
48,4,1.0,26202
48,11,1.0,65944
49,1,8.0,89766
49,2,1.0,19983
50,1,9.0,118789
50,2,1.0,24512
51,6,1.0,201506
52,5,4.0,2302067
53,1,10.0,169591
53,2,1.0,28187
54,10,1.0,97002
55,5,6.0,1189514
56,3,1.0,13011
56,12,3.0,21501
57,1,13.0,65874
57,2,1.0,9335
58,11,1.0,32089
59,10,1.0,118552
60,1,13.0,90802
60,2,1.0,13339
61,6,1.0,106960
62,7,1.0,154640
62,9,1.0,233182
63,1,9.0,67578
63,2,1.0,12681
64,8,1.0,360345
64,12,3.0,31834
65,1,13.0,109659
65,2,1.0,15905
66,1,11.0,122626
66,2,1.0,18992
67,6,1.0,166055
68,5,6.0,2727502
69,1,12.0,144645
69,2,1.0,19646
70,9,1.0,458661
70,11,1.0,80187
71,1,8.0,116742
71,2,1.0,26023
72,1,14.0,228837
72,2,1.0,30210
73,6,1.0,229077
74,1,13.0,63726
74,2,1.0,9267
75,3,1.0,15217
76,1,10.0,53133
76,2,1.0,9854
77,6,1.0,84834
78,3,1.0,18147
79,1,8.0,58233
79,2,1.0,13065
80,5,4.0,1217794
81,1,8.0,59511
81,2,1.0,12863
82,1,14.0,129349
82,2,1.0,17437
83,6,1.0,132634
84,1,8.0,93459
84,2,1.0,20031
85,8,1.0,534290
85,12,7.0,100146
86,1,12.0,145223
86,2,1.0,21349
87,12,3.0,54255
88,9,1.0,452825
89,1,10.0,145927
89,2,1.0,23701
90,6,1.0,212842
91,5,4.0,2382740
92,9,1.0,511888
93,1,8.0,39993
93,2,1.0,9347
94,1,9.0,50930
94,2,1.0,9542
95,6,1.0,80518
96,7,1.0,132626
97,3,1.0,17076
97,11,1.0,36931
98,1,14.0,105771
98,2,1.0,12319
99,5,4.0,1082275
100,1,11.0,84705
100,2,1.0,12965
101,1,9.0,74911
101,2,1.0,14814
102,6,1.0,118283
103,7,1.0,221005
103,12,7.0,102358
104,1,9.0,104744
104,2,1.0,20895
105,8,1.0,552039
105,12,4.0,62565
106,1,12.0,138653
106,2,1.0,21289
107,1,10.0,145562
107,2,1.0,26059
108,6,1.0,202901
109,5,4.0,2126733
110,1,11.0,187256
110,2,1.0,26805
111,11,1.0,28466
112,1,9.0,45140
112,2,1.0,9211
113,6,1.0,74673
114,1,8.0,52226
114,2,1.0,12059
115,5,6.0,1730160
116,1,10.0,75925
116,2,1.0,12272
117,1,8.0,70046
117,2,1.0,15720
118,6,1.0,128248
119,1,8.0,86009
119,2,1.0,19483
120,8,1.0,532021
120,12,3.0,47102
121,1,12.0,137449
121,2,1.0,21249
122,1,8.0,104473
122,2,1.0,22645
123,6,1.0,174441
124,5,4.0,1961400
125,1,12.0,183374
125,2,1.0,29748
126,1,10.0,52550
126,2,1.0,8826
127,5,4.0,904441
128,1,11.0,71874
128,2,1.0,11878
129,1,13.0,87917
129,2,1.0,12704
130,6,1.0,98067
131,1,9.0,76114
131,2,1.0,15256
132,8,1.0,410604
132,12,5.0,57142
133,9,1.0,294300
133,7,1.0,190930
134,1,11.0,121395
134,2,1.0,20558
135,4,1.0,26283
135,3,1.0,30510
136,1,10.0,111074
136,2,1.0,21493
137,6,1.0,162629
138,5,6.0,2994691
139,1,11.0,136484
139,2,1.0,22663
140,7,1.0,305620
140,12,4.0,79156
141,1,12.0,183693
141,2,1.0,30141
142,1,8.0,38987
142,2,1.0,9245
143,5,6.0,1428784
144,1,14.0,85554
144,2,1.0,10784
145,1,13.0,98103
145,2,1.0,13291
146,6,1.0,106968
147,1,8.0,62686
147,2,1.0,13382
148,8,1.0,359949
148,12,7.0,71630
149,11,1.0,47322
149,7,1.0,190243
150,1,11.0,110965
150,2,1.0,17281
151,1,8.0,92648
151,2,1.0,19747
152,6,1.0,153767
153,5,2.0,912774
154,1,12.0,145756
154,2,1.0,20310
155,12,7.0,126248
155,7,1.0,304557
156,12,3.0,57206
157,1,11.0,186060
157,2,1.0,27568
158,1,11.0,115549
158,2,1.0,19169
159,1,14.0,174235
159,2,1.0,20594
160,1,13.0,181066
160,2,1.0,26230
161,6,1.0,213841
162,11,1.0,84708
163,1,12.0,59699
163,2,1.0,9658
164,9,1.0,163689
165,10,1.0,107734
165,9,1.0,198590
166,1,12.0,77838
166,2,1.0,12058
167,6,1.0,97059
168,12,7.0,56667
168,7,1.0,137693
169,10,1.0,123590
169,4,1.0,13604
170,1,11.0,82700
170,2,1.0,13534
171,5,4.0,1252228
172,1,11.0,80580
172,2,1.0,12915
173,9,1.0,284275
174,1,11.0,109374
174,2,1.0,17648
175,6,1.0,133093
176,1,10.0,109424
176,2,1.0,19503
177,8,1.0,518958
177,12,4.0,59143
178,1,12.0,160817
178,2,1.0,22530
179,7,1.0,294459
180,1,8.0,121053
180,2,1.0,26996
181,6,1.0,237094
182,5,6.0,3998611
183,1,8.0,42993
183,2,1.0,8870
184,1,12.0,70512
184,2,1.0,10237
185,6,1.0,82956
186,1,13.0,87033
186,2,1.0,12079
187,8,1.0,303655
187,12,7.0,63337
188,1,8.0,57977
188,2,1.0,12741
189,7,1.0,160255
190,1,13.0,113800
190,2,1.0,15312
191,6,1.0,119992
192,5,2.0,735486
193,1,12.0,114980
193,2,1.0,17366
194,1,11.0,125369
194,2,1.0,19926
195,1,12.0,147570
195,2,1.0,24340
196,6,1.0,178384
197,1,14.0,237124
197,2,1.0,29278
198,5,6.0,4006582
199,1,11.0,57897
199,2,1.0,8659
200,6,1.0,75086
201,5,4.0,774152
202,1,9.0,51926
202,2,1.0,10236
203,1,10.0,68745
203,2,1.0,12786
204,1,13.0,92967
204,2,1.0,13930
205,6,1.0,110409
206,1,11.0,97501
206,2,1.0,14936
207,9,1.0,275103
207,10,1.0,159407
208,5,4.0,1537665
209,1,11.0,116850
209,2,1.0,19397
210,9,1.0,369804
211,1,9.0,112341
211,2,1.0,21838
212,6,1.0,172975
213,1,13.0,173036
213,2,1.0,24549
214,8,1.0,670967
214,12,6.0,112166
215,1,14.0,75978
215,2,1.0,9381
216,1,14.0,75873
216,2,1.0,9441
217,6,1.0,77707
218,1,12.0,87271
218,2,1.0,13076
219,8,1.0,347753
219,12,7.0,66173
220,1,13.0,101244
220,2,1.0,13972
221,1,8.0,77977
221,2,1.0,18343
222,6,1.0,141236
223,5,4.0,1567899
224,1,14.0,154707
224,2,1.0,20606
225,1,14.0,161790
225,2,1.0,20145
226,12,5.0,77544
227,1,9.0,122679
227,2,1.0,25061
228,6,1.0,191319
229,1,14.0,69261
229,2,1.0,9614
230,6,1.0,72970
231,1,12.0,146320
231,2,1.0,23611
232,1,10.0,157098
232,2,1.0,28702
233,3,1.0,43746
233,12,3.0,63839
234,1,11.0,56036
234,2,1.0,9391
235,1,14.0,92367
235,2,1.0,11340
236,6,1.0,88931
237,3,1.0,19518
238,1,8.0,56850
238,2,1.0,13200
239,5,6.0,1903863
240,1,12.0,94654
240,2,1.0,13301
241,1,9.0,84936
241,2,1.0,18428
242,6,1.0,136182
243,1,14.0,173062
243,2,1.0,19880
244,8,1.0,547307
244,12,7.0,110268
245,1,10.0,122163
245,2,1.0,22192
246,10,1.0,257274
246,11,1.0,68323
247,1,9.0,141141
247,2,1.0,26754
248,6,1.0,222785
249,5,4.0,2640837
250,1,14.0,129379
250,2,1.0,14529
251,1,13.0,143498
251,2,1.0,19875
252,1,14.0,163570
252,2,1.0,21637
253,6,1.0,162271
254,10,1.0,239711
254,4,1.0,27900
255,10,1.0,227871
256,1,9.0,127039
256,2,1.0,26112
257,5,2.0,1198524
258,12,7.0,50265
259,1,14.0,70190
259,2,1.0,9230
260,6,1.0,76943
261,4,1.0,10994
261,12,4.0,26580
262,1,12.0,80870
262,2,1.0,10952
263,7,1.0,142517
263,3,1.0,18066
264,5,4.0,1009270
265,1,9.0,60628
265,2,1.0,13283
266,1,12.0,90342
266,2,1.0,12704
267,6,1.0,105621
268,1,8.0,77792
268,2,1.0,18203
269,8,1.0,490735
269,12,4.0,53625
270,11,1.0,56173
270,10,1.0,183660
271,1,8.0,87233
271,2,1.0,18809
272,1,11.0,143892
272,2,1.0,23191
273,6,1.0,193763
274,5,6.0,3180685
275,1,9.0,136969
275,2,1.0,29943
276,1,10.0,100798
276,2,1.0,16909
277,7,1.0,220227
278,9,1.0,368203
278,11,1.0,61801
279,1,8.0,93807
279,2,1.0,21430
280,1,12.0,154200
280,2,1.0,24192
281,6,1.0,196761
282,1,14.0,219277
282,2,1.0,29037
283,1,11.0,56654
283,2,1.0,8768
284,8,1.0,240511
284,12,5.0,35228
285,1,8.0,44096
285,2,1.0,10122
286,1,10.0,69803
286,2,1.0,13122
287,6,1.0,107331
288,5,4.0,1097186
289,1,14.0,103074
289,2,1.0,13321
290,12,6.0,58749
291,1,10.0,89266
291,2,1.0,15966
292,1,9.0,105427
292,2,1.0,18790
293,6,1.0,165788
294,10,1.0,233590
294,3,1.0,30185
295,1,10.0,115545
295,2,1.0,20185
296,5,6.0,3103995
297,1,12.0,177423
297,2,1.0,26289
298,1,9.0,48959
298,2,1.0,10136
299,5,6.0,1277070
300,11,1.0,36309
300,7,1.0,135889
301,1,9.0,56841
301,2,1.0,11434
302,1,13.0,97420
302,2,1.0,12767
303,6,1.0,109508
304,1,9.0,64131
304,2,1.0,13781
305,8,1.0,353698
305,12,7.0,72310
306,1,14.0,139177
306,2,1.0,16438
307,1,11.0,125926
307,2,1.0,19856
308,6,1.0,162708
309,5,6.0,2708447
310,1,9.0,132179
310,2,1.0,24161
311,1,11.0,168238
311,2,1.0,27351
312,1,12.0,147011
312,2,1.0,22270
313,1,9.0,137912
313,2,1.0,28573
314,1,13.0,64563
314,2,1.0,8724
315,7,1.0,105014
316,5,6.0,1347984
317,1,9.0,60128
317,2,1.0,10926
318,1,12.0,89108
318,2,1.0,13456
319,6,1.0,104499
320,1,13.0,101816
320,2,1.0,13652
321,8,1.0,347766
321,12,7.0,72816
322,4,1.0,19719
322,9,1.0,333615
323,1,10.0,98771
323,2,1.0,17087
324,1,9.0,108887
324,2,1.0,19638
325,6,1.0,175084
326,5,4.0,1981626
327,1,8.0,103204
327,2,1.0,23262
328,7,1.0,342048
329,1,8.0,135288
329,2,1.0,27785
330,1,11.0,54475
330,2,1.0,8705
331,1,8.0,51586
331,2,1.0,11241
332,6,1.0,98209
333,1,10.0,70421
333,2,1.0,13032
334,8,1.0,354806
334,12,6.0,55107
335,11,1.0,43299
335,9,1.0,252416
336,1,10.0,82781
336,2,1.0,15677
337,9,1.0,313593
337,3,1.0,27109
338,1,13.0,140871
338,2,1.0,19737
339,6,1.0,161134
340,5,4.0,1875594
341,1,12.0,136048
341,2,1.0,21893
342,9,1.0,408858
343,10,1.0,255608
343,9,1.0,426880
344,1,11.0,157171
344,2,1.0,25327
345,5,4.0,801859
346,4,1.0,11303
346,9,1.0,162802
347,9,1.0,173070
347,10,1.0,97101
348,1,8.0,43193
348,2,1.0,10432
349,1,8.0,52878
349,2,1.0,11609
350,6,1.0,94925
351,1,12.0,92966
351,2,1.0,13918
352,8,1.0,360932
352,12,7.0,75042
353,1,8.0,67002
353,2,1.0,16332
354,1,11.0,128086
354,2,1.0,19041
355,6,1.0,158718
356,5,2.0,841870
357,9,1.0,395896
358,1,9.0,108720
358,2,1.0,23328
359,9,1.0,482835
359,3,1.0,36551
360,1,8.0,128385
360,2,1.0,29149
361,4,1.0,33447
361,3,1.0,40297
362,1,9.0,142653
362,2,1.0,29858
363,1,8.0,41607
363,2,1.0,9081
364,6,1.0,71895
365,11,1.0,27892
366,7,1.0,117743
366,11,1.0,32202
367,1,12.0,76095
367,2,1.0,11469
368,5,4.0,1177740
369,1,12.0,86803
369,2,1.0,12947
370,12,5.0,53152
370,4,1.0,15579
371,1,13.0,117747
371,2,1.0,15026
372,6,1.0,123280
373,1,12.0,141306
373,2,1.0,19203
374,8,1.0,538688
374,12,3.0,46192
375,10,1.0,214228
375,9,1.0,388145
376,1,11.0,121946
376,2,1.0,20632
377,1,13.0,188648
377,2,1.0,24286
378,6,1.0,206111
379,5,4.0,2359516
380,1,9.0,43458
380,2,1.0,9176
381,8,1.0,247493
381,12,7.0,45899
382,1,10.0,64082
382,2,1.0,11958
383,10,1.0,141615
383,4,1.0,15817
384,1,8.0,55164
384,2,1.0,12293
385,6,1.0,109604
386,5,4.0,1108444
387,1,9.0,74305
387,2,1.0,14678
388,1,10.0,103614
388,2,1.0,17430
389,3,1.0,28244
390,1,12.0,140195
390,2,1.0,19991
391,6,1.0,166953
392,1,13.0,187293
392,2,1.0,25499
393,5,2.0,1269120
394,1,8.0,40774
394,2,1.0,9499
395,5,6.0,1427098
396,9,1.0,197321
396,12,5.0,35499
397,7,1.0,105243
397,3,1.0,13613
398,1,11.0,58489
398,2,1.0,10223
399,6,1.0,79291
400,1,9.0,56346
400,2,1.0,10692
401,5,2.0,545689
402,1,8.0,59203
402,2,1.0,13879
403,1,10.0,91907
403,2,1.0,16054
404,6,1.0,118718
405,1,9.0,105894
405,2,1.0,20818
406,8,1.0,574410
406,12,4.0,60415
407,1,8.0,92906
407,2,1.0,21909
408,3,1.0,44368
409,1,9.0,147335
409,2,1.0,26940
410,6,1.0,234833
411,5,2.0,1281672
412,9,1.0,554288
412,4,1.0,31750
413,1,11.0,102345
413,2,1.0,17999
414,3,1.0,26915
414,4,1.0,19857
415,1,12.0,131824
415,2,1.0,20305
416,1,13.0,169445
416,2,1.0,22851
417,6,1.0,180289
418,1,12.0,195063
418,2,1.0,28106
419,1,9.0,48388
419,2,1.0,9291
420,6,1.0,70350
421,5,2.0,392195
422,12,5.0,44641
422,11,1.0,37033
423,1,10.0,67744
423,2,1.0,11532
424,1,10.0,74550
424,2,1.0,13106
425,1,12.0,98654
425,2,1.0,15267
426,6,1.0,132217
427,12,3.0,36972
428,4,1.0,22652
429,11,1.0,63745
430,1,13.0,143734
430,2,1.0,19208
431,5,6.0,2680336
432,1,11.0,131405
432,2,1.0,21931
433,3,1.0,38956
433,12,5.0,99292
434,7,1.0,305767
435,1,10.0,161179
435,2,1.0,28630
436,6,1.0,245176
437,8,1.0,815481
437,12,7.0,154974
438,5,2.0,430723
439,1,13.0,63607
439,2,1.0,9210
440,1,12.0,80272
440,2,1.0,10669
441,6,1.0,89332
442,10,1.0,127213
442,7,1.0,155803
443,1,10.0,77942
443,2,1.0,13107
444,8,1.0,361817
444,12,4.0,38757
445,1,11.0,92703
445,2,1.0,14759
446,1,8.0,90183
446,2,1.0,19957
447,6,1.0,166788
448,5,2.0,838055
449,11,1.0,66146
450,1,14.0,160697
450,2,1.0,21449
451,3,1.0,34870
452,1,12.0,194928
452,2,1.0,27647
453,11,1.0,27094
454,1,12.0,62772
454,2,1.0,9349
455,1,10.0,61011
455,2,1.0,10847
456,1,10.0,75432
456,2,1.0,12754
457,6,1.0,107406
458,1,10.0,73319
458,2,1.0,13610
459,5,4.0,1456290
460,12,5.0,63079
460,4,1.0,20774
461,1,11.0,111172
461,2,1.0,16488
462,1,9.0,102862
462,2,1.0,20264
463,6,1.0,170689
464,1,12.0,174664
464,2,1.0,25061
465,8,1.0,665955
465,12,6.0,118048
466,12,7.0,46103
467,3,1.0,13050
468,1,9.0,50607
468,2,1.0,10349
469,8,1.0,261165
469,12,7.0,53916
470,1,8.0,60952
470,2,1.0,12284
471,1,9.0,70399
471,2,1.0,13039
472,6,1.0,110047
473,5,2.0,619211
474,11,1.0,57798
475,1,9.0,86762
475,2,1.0,16499
476,9,1.0,348036
477,1,10.0,113653
477,2,1.0,19924
478,1,13.0,167052
478,2,1.0,23779
479,6,1.0,184006
480,1,8.0,120564
480,2,1.0,30257
