historial_id,vehiculo_id,fecha_desde,fecha_hasta,estado,motivo
1,1,2022-05-04,2022-05-05,en_taller,Service programado - Cambio de aceite y filtro
2,1,2022-05-04,2022-05-05,en_taller,Service programado - Service de frenos
3,1,2022-10-28,2022-10-29,en_taller,Service programado - Cambio de aceite y filtro
4,1,2022-12-26,2022-12-27,en_taller,Service programado - Cambio de cubiertas
5,1,2023-01-16,2023-01-21,en_taller,reparación correctiva en taller
6,1,2023-01-18,2023-01-24,en_taller,Reparación correctiva en taller
7,1,2023-02-11,2023-02-12,en_taller,Service programado - Cambio de aceite y filtro
8,1,2023-07-02,2023-07-03,en_taller,Service programado - Cambio de aceite y filtro
9,1,2023-07-02,2023-07-03,en_taller,SERVICE PROGRAMADO - SERVICE DE FRENOS
10,1,2023-11-24,2023-11-26,en_taller,Service programado - Cambio de aceite y filtro
11,1,2023-11-24,2023-11-25,en_taller,Service programado - Cambio de correa de distribución
12,1,2024-03-04,2024-03-05,en_taller,Service programado - Cambio de aceite y filtro
13,1,2024-05-02,2024-05-04,en_taller,Reparación correctiva en taller
481,1,2024-06-21,2024-06-23,fuera_de_servicio,Accidente menor en ruta
14,1,2024-08-03,2024-08-05,en_taller,service programado - Cambio de aceite y filtro
15,1,2024-08-03,2024-08-04,en_taller,Service programado - Service de frenos
16,1,2024-08-03,2024-08-04,en_taller,Service programado - Cambio de cubiertas
17,1,2024-12-12,2024-12-13,en_taller,  service programado - cambio de aceite y filtro  
18,2,2022-01-20,2022-01-22,en_taller,Service programado - Cambio de cubiertas
19,2,2022-03-18,2022-03-20,en_taller,Service programado - Cambio de aceite y filtro
20,2,2022-09-01,2022-09-03,en_taller,  service programado - cambio de aceite y filtro  
21,2,2022-09-01,2022-09-02,en_taller,Service programado - Service de frenos
22,2,2022-09-29,2022-10-01,en_taller,Reparación correctiva en taller
23,2,2022-12-23,2022-12-24,en_taller,Service programado - Cambio de aceite y filtro
24,2,2022-12-23,2022-12-24,en_taller,Service programado - Cambio de correa de distribución
484,2,2023-02-10,2023-02-19,fuera_de_servicio,Vehículo prestado a otra sucursal
25,2,2023-04-03,2023-04-05,en_taller,Service programado - Cambio de aceite y filtro
482,2,2023-08-15,2023-08-18,fuera_de_servicio,  revisión técnica vencida  
26,2,2023-09-19,2023-09-21,en_taller,Service programado - Cambio de aceite y filtro
27,2,2023-09-19,2023-09-21,en_taller,Service programado - Service de frenos
28,2,2023-09-19,2023-09-21,en_taller,Service programado - Cambio de cubiertas
29,2,2024-01-03,2024-01-04,en_taller,Service programado - Cambio de aceite y filtro
30,2,2024-04-13,2024-04-14,en_taller,Service programado - Cambio de aceite y filtro
31,2,2024-09-18,2024-09-20,en_taller,Service programado - Cambio de aceite y filtro
32,2,2024-09-18,2024-09-19,en_taller,Service programado - Service de frenos
483,2,2024-11-07,2024-11-13,fuera_de_servicio,Esperando repuesto
33,3,2022-01-12,2022-01-13,en_taller,Service programado - Cambio de aceite y filtro
34,3,2022-04-26,2022-04-27,en_taller,Service programado - Cambio de aceite y filtro
35,3,2022-04-26,2022-04-28,en_taller,  service programado - service de frenos  
36,3,2022-10-24,2022-10-26,en_taller,reparación correctiva en taller
37,3,2022-11-11,2022-11-13,en_taller,SERVICE PROGRAMADO - CAMBIO DE ACEITE Y FILTRO
38,3,2022-12-26,2022-12-31,en_taller,Reparación correctiva en taller
39,3,2022-12-27,2022-12-29,en_taller,Service programado - Cambio de cubiertas
40,3,2022-12-31,2023-01-05,en_taller,Reparación correctiva en taller
41,3,2023-02-10,2023-02-11,en_taller,Service programado - Cambio de aceite y filtro
42,3,2023-04-03,2023-04-06,en_taller,Reparación correctiva en taller
43,3,2023-07-07,2023-07-09,en_taller,Service programado - Cambio de aceite y filtro
44,3,2023-07-07,2023-07-08,en_taller,Service programado - Service de frenos
45,3,2023-11-30,2023-12-01,en_taller,Reparación correctiva en taller
46,3,2023-12-07,2023-12-09,en_taller,Service programado - Cambio de aceite y filtro
47,3,2023-12-07,2023-12-09,en_taller,Serv. programado - Cambio de correa de distribución
48,3,2024-01-08,2024-01-12,en_taller,Reparación correctiva en taller
49,3,2024-03-10,2024-03-11,en_taller,Service programado - Cambio de aceite y filtro
485,3,2024-04-19,2024-04-22,fuera_de_servicio,Vehículo prestado a otra sucursal
50,3,2024-08-23,2024-08-24,en_taller,Service programado - Cambio de aceite y filtro
51,3,2024-08-23,2024-08-25,en_taller,Service programado - Service de frenos
52,3,2024-08-23,2024-08-25,en_taller,Service programado - Cambio de cubiertas
53,3,2024-12-20,2024-12-22,en_taller,Service programado - Cambio de aceite y filtro
54,4,2022-01-05,2022-01-10,en_taller,Reparación correctiva en taller
55,4,2022-01-20,2022-01-21,en_taller,Service programado - Cambio de cubiertas
56,4,2022-01-29,2022-01-30,en_taller,Reparación correctiva en taller
57,4,2022-03-14,2022-03-15,en_taller,Service programado - Cambio de aceite y filtro
58,4,2022-05-17,2022-05-23,en_taller,Reparación correctiva en taller
59,4,2022-09-28,2022-10-01,en_taller,Reparación correctiva en taller
60,4,2022-10-23,2022-10-24,en_taller,Service programado - Cambio de aceite y filtro
61,4,2022-10-23,2022-10-25,en_taller,Service programado - Service de frenos
62,4,2022-12-28,2023-01-01,en_taller,Reparación correctiva en taller
63,4,2023-02-07,2023-02-09,en_taller,Service programado - Cambio de aceite y filtro
64,4,2023-02-07,2023-02-08,en_taller,Service programado - Cambio de correa de distribución
65,4,2023-06-26,2023-06-27,en_taller,Service programado - Cambio de aceite y filtro
66,4,2023-11-30,2023-12-01,en_taller,Service programado - Cambio de aceite y filtro
67,4,2023-11-30,2023-12-01,en_taller,Service programado - Service de frenos
68,4,2023-11-30,2023-12-02,en_taller,Service programado - Cambio de cubiertas
69,4,2024-03-07,2024-03-09,en_taller,Service programado - Cambio de aceite y filtro
70,4,2024-07-12,2024-07-17,en_taller,Reparación correctiva en taller
71,4,2024-08-03,2024-08-05,en_taller,Service programado - Cambio de aceite y filtro
72,4,2024-12-10,2024-12-11,en_taller,Service programado - Cambio de aceite y filtro
73,4,2024-12-10,2024-12-12,en_taller,Service programado - Service de frenos
74,5,2022-01-24,2022-01-25,en_taller,Service programado - Cambio de aceite y filtro
75,5,2022-05-11,2022-05-12,en_taller,Reparación correctiva en taller
76,5,2022-05-27,2022-05-29,en_taller,Service programado - Cambio de aceite y filtro
77,5,2022-05-27,2022-05-29,en_taller,Service programado - Service de frenos
78,5,2022-08-26,2022-09-01,en_taller,Reparación correctiva en taller
79,5,2022-11-17,2022-11-18,en_taller,Service programado - Cambio de aceite y filtro
80,5,2023-01-05,2023-01-07,en_taller,Service programado - Cambio de cubiertas
81,5,2023-02-22,2023-02-23,en_taller,Service programado - Cambio de aceite y filtro
82,5,2023-07-28,2023-07-30,en_taller,Service programado - Cambio de aceite y filtro
83,5,2023-07-28,2023-07-29,en_taller,Service programado - Service de frenos
84,5,2023-12-21,2023-12-22,en_taller,Service programado - Cambio de aceite y filtro
85,5,2023-12-21,2023-12-22,en_taller,SERVICE PROGRAMADO - CAMBIO DE CORREA DE DISTRIBUCIÓN
86,5,2024-03-23,2024-03-25,en_taller,Service programado - Cambio de aceite y filtro
87,5,2024-04-24,2024-04-30,en_taller,Reparación correctiva en taller
88,5,2024-07-05,2024-07-11,en_taller,Reparación correctiva en taller
89,5,2024-09-22,2024-09-23,en_taller,service programado - Cambio de aceite y filtro
90,5,2024-09-22,2024-09-23,en_taller,Service programado - Service de frenos
91,5,2024-09-22,2024-09-23,en_taller,Service programado - Cambio de cubiertas
92,5,2024-12-15,2024-12-18,en_taller,Reparación correctiva en taller
93,6,2022-01-01,2022-01-02,en_taller,Service programado - Cambio de aceite y filtro
94,6,2022-04-11,2022-04-13,en_taller,Service programado - Cambio de aceite y filtro
95,6,2022-04-11,2022-04-12,en_taller,Service programado - Service de frenos
96,6,2022-07-25,2022-07-26,en_taller,Reparación correctiva en taller
97,6,2022-09-15,2022-09-18,en_taller,Reparación correctiva en taller
98,6,2022-10-07,2022-10-09,en_taller,Service programado - Cambio de aceite y filtro
99,6,2022-12-07,2022-12-08,en_taller,Service programado - Cambio de cubiertas
100,6,2023-01-26,2023-01-27,en_taller,Service programado - Cambio de aceite y filtro
101,6,2023-06-15,2023-06-16,en_taller,Service programado - Cambio de aceite y filtro
102,6,2023-06-15,2023-06-16,en_taller,Service programado - Service de frenos
103,6,2023-10-10,2023-10-13,en_taller,Reparación correctiva en taller
104,6,2023-11-13,2023-11-15,en_taller,Service programado - Cambio de aceite y filtro
105,6,2023-11-13,2023-11-15,en_taller,Service programado - Cambio de correa de distribución
106,6,2024-02-22,2024-02-23,en_taller,Service programado - Cambio de aceite y filtro
107,6,2024-08-02,2024-08-03,en_taller,Service programado - Cambio de aceite y filtro
108,6,2024-08-02,2024-08-03,en_taller,Service programado - Service de frenos
109,6,2024-08-02,2024-08-04,en_taller,Service programado - Cambio de cubiertas
110,6,2024-12-09,2024-12-11,en_taller,Service programado - Cambio de aceite y filtro
111,7,2022-01-18,2022-01-24,en_taller,Reparación correctiva en taller
112,7,2022-02-19,2022-02-20,en_taller,Service programado - Cambio de aceite y filtro
113,7,2022-02-19,2022-02-21,en_taller,Service programado - Service de frenos
114,7,2022-07-25,2022-07-27,en_taller,Service programado - Cambio de aceite y filtro
115,7,2022-10-18,2022-10-20,en_taller,Service programado - Cambio de cubiertas
116,7,2022-12-15,2022-12-16,en_taller,Service programado - Cambio de aceite y filtro
117,7,2023-04-07,2023-04-09,en_taller,Service programado - Cambio de aceite y filtro
118,7,2023-04-07,2023-04-08,en_taller,Service programado - Service de frenos
119,7,2023-10-06,2023-10-07,en_taller,Service programado - Cambio de aceite y filtro
120,7,2023-10-06,2023-10-07,en_taller,service programado - Cambio de correa de distribución
121,7,2024-01-25,2024-01-26,en_taller,Service programado - Cambio de aceite y filtro
122,7,2024-05-18,2024-05-19,en_taller,Service programado - Cambio de aceite y filtro
123,7,2024-05-18,2024-05-19,en_taller,Service programado - Service de frenos
124,7,2024-05-18,2024-05-20,en_taller,Service programado - Cambio de cubiertas
125,7,2024-11-03,2024-11-04,en_taller,Service programado - Cambio de aceite y filtro
126,8,2022-03-04,2022-03-05,en_taller,Service programado - Cambio de aceite y filtro
487,8,2022-03-24,2022-03-25,fuera_de_servicio,Rotura de parabrisas
127,8,2022-05-19,2022-05-21,en_taller,Serv. programado - Cambio de cubiertas
128,8,2022-08-21,2022-08-23,en_taller,Service programado - Cambio de aceite y filtro
129,8,2022-12-30,2023-01-01,en_taller,Service programado - Cambio de aceite y filtro
130,8,2022-12-30,2022-12-31,en_taller,Service programado - Service de frenos
486,8,2023-04-04,2023-04-05,fuera_de_servicio,rotura de parabrisas
131,8,2023-04-13,2023-04-15,en_taller,Service programado - Cambio de aceite y filtro
132,8,2023-04-13,2023-04-14,en_taller,Service programado - Cambio de correa de distribución
133,8,2023-06-06,2023-06-09,en_taller,Reparación correctiva en taller
134,8,2023-10-10,2023-10-11,en_taller,Service programado - Cambio de aceite y filtro
135,8,2024-01-26,2024-01-28,en_taller,Reparación correctiva en taller
136,8,2024-01-28,2024-01-29,en_taller,Service programado - Cambio de aceite y filtro
137,8,2024-01-28,2024-01-29,en_taller,Service programado - Service de frenos
138,8,2024-01-28,2024-01-29,en_taller,Service programado - Cambio de cubiertas
139,8,2024-06-27,2024-06-28,en_taller,Service programado - Cambio de aceite y filtro
140,8,2024-08-08,2024-08-11,en_taller,Reparación correctiva en taller
141,8,2024-11-19,2024-11-21,en_taller,Serv. programado - Cambio de aceite y filtro
142,9,2022-02-08,2022-02-10,en_taller,Service programado - Cambio de aceite y filtro
143,9,2022-04-18,2022-04-20,en_taller,SERVICE PROGRAMADO - CAMBIO DE CUBIERTAS
144,9,2022-07-27,2022-07-29,en_taller,Service programado - Cambio de aceite y filtro
145,9,2022-12-11,2022-12-12,en_taller,Service programado - Cambio de aceite y filtro
146,9,2022-12-11,2022-12-12,en_taller,Service programado - Service de frenos
488,9,2023-02-22,2023-02-24,fuera_de_servicio,Falla eléctrica menor
147,9,2023-03-19,2023-03-21,en_taller,Service programado - Cambio de aceite y filtro
148,9,2023-03-19,2023-03-21,en_taller,service programado - Cambio de correa de distribución
149,9,2023-06-20,2023-06-23,en_taller,Reparación correctiva en taller
489,9,2023-06-28,2023-07-07,fuera_de_servicio,Revisión técnica vencida
491,9,2023-07-12,2023-07-21,fuera_de_servicio,Falla eléctrica menor
150,9,2023-08-27,2023-08-28,en_taller,Service programado - Cambio de aceite y filtro
490,9,2023-12-19,2023-12-29,fuera_de_servicio,Pinchadura en ruta
151,9,2023-12-26,2023-12-27,en_taller,SERVICE PROGRAMADO - CAMBIO DE ACEITE Y FILTRO
152,9,2023-12-26,2023-12-28,en_taller,Service programado - Service de frenos
153,9,2023-12-26,2023-12-28,en_taller,Service programado - Cambio de cubiertas
154,9,2024-03-29,2024-03-31,en_taller,Service programado - Cambio de aceite y filtro
155,9,2024-07-21,2024-07-25,en_taller,Reparación correctiva en taller
156,9,2024-09-14,2024-09-17,en_taller,Reparación correctiva en taller
157,9,2024-10-02,2024-10-03,en_taller,Service programado - Cambio de aceite y filtro
158,10,2023-11-25,2023-11-27,en_taller,Service programado - Cambio de aceite y filtro
159,10,2024-03-12,2024-03-14,en_taller,Service programado - Cambio de aceite y filtro
160,10,2024-09-21,2024-09-23,en_taller,Service programado - Cambio de aceite y filtro
161,10,2024-09-21,2024-09-23,en_taller,Service programado - Service de frenos
162,10,2024-12-07,2024-12-10,en_taller,Reparación correctiva en taller
163,11,2022-03-07,2022-03-09,en_taller,Service programado - Cambio de aceite y filtro
164,11,2022-03-23,2022-03-25,en_taller,Reparación correctiva en taller
165,11,2022-04-13,2022-04-18,en_taller,Reparación correctiva en taller
166,11,2022-08-02,2022-08-04,en_taller,Service programado - Cambio de aceite y filtro
167,11,2022-08-02,2022-08-04,en_taller,SERVICE PROGRAMADO - SERVICE DE FRENOS
168,11,2022-08-13,2022-08-19,en_taller,Reparación correctiva en taller
169,11,2022-08-18,2022-08-23,en_taller,Reparación correctiva en taller
170,11,2022-11-17,2022-11-18,en_taller,Service programado - Cambio de aceite y filtro
171,11,2023-01-02,2023-01-04,en_taller,Service programado - Cambio de cubiertas
172,11,2023-02-13,2023-02-14,en_taller,Service programado - Cambio de aceite y filtro
173,11,2023-05-02,2023-05-07,en_taller,Reparación correctiva en taller
174,11,2023-07-13,2023-07-14,en_taller,SERVICE PROGRAMADO - CAMBIO DE ACEITE Y FILTRO
175,11,2023-07-13,2023-07-15,en_taller,Service programado - Service de frenos
176,11,2023-12-17,2023-12-19,en_taller,Service programado - Cambio de aceite y filtro
177,11,2023-12-17,2023-12-19,en_taller,Service programado - Cambio de correa de distribución
178,11,2024-04-08,2024-04-09,en_taller,Service programado - Cambio de aceite y filtro
179,11,2024-08-03,2024-08-09,en_taller,REPARACIÓN CORRECTIVA EN TALLER
180,11,2024-10-27,2024-10-28,en_taller,Service programado - Cambio de aceite y filtro
181,11,2024-10-27,2024-10-29,en_taller,Serv. programado - Serv. de frenos
182,11,2024-10-27,2024-10-28,en_taller,Service programado - Cambio de cubiertas
183,12,2022-01-03,2022-01-05,en_taller,Service programado - Cambio de aceite y filtro
184,12,2022-04-15,2022-04-17,en_taller,Service programado - Cambio de aceite y filtro
185,12,2022-04-15,2022-04-16,en_taller,Service programado - Service de frenos
186,12,2022-09-15,2022-09-17,en_taller,Service programado - Cambio de aceite y filtro
187,12,2022-09-15,2022-09-16,en_taller,Service programado - Cambio de correa de distribución
188,12,2022-12-25,2022-12-27,en_taller,service programado - Cambio de aceite y filtro
189,12,2023-02-07,2023-02-10,en_taller,Reparación correctiva en taller
190,12,2023-04-10,2023-04-11,en_taller,Service programado - Cambio de aceite y filtro
191,12,2023-04-10,2023-04-11,en_taller,  service programado - service de frenos  
192,12,2023-04-10,2023-04-11,en_taller,Service programado - Cambio de cubiertas
193,12,2023-09-28,2023-09-29,en_taller,Service programado - Cambio de aceite y filtro
194,12,2024-01-16,2024-01-17,en_taller,service programado - Cambio de aceite y filtro
195,12,2024-05-14,2024-05-16,en_taller,Service programado - Cambio de aceite y filtro
196,12,2024-05-14,2024-05-16,en_taller,Service programado - Service de frenos
197,12,2024-11-13,2024-11-14,en_taller,Service programado - Cambio de aceite y filtro
198,12,2024-12-30,,en_taller,Service programado - Cambio de cubiertas
199,14,2022-01-19,2022-01-20,en_taller,Service programado - Cambio de aceite y filtro
200,14,2022-01-19,2022-01-20,en_taller,Service programado - Service de frenos
201,14,2022-01-19,2022-01-21,en_taller,Service programado - Cambio de cubiertas
202,14,2022-05-10,2022-05-12,en_taller,Service programado - Cambio de aceite y filtro
203,14,2022-10-08,2022-10-09,en_taller,Service programado - Cambio de aceite y filtro
204,14,2023-01-18,2023-01-20,en_taller,Service programado - Cambio de aceite y filtro
205,14,2023-01-18,2023-01-19,en_taller,Service programado - Service de frenos
206,14,2023-04-25,2023-04-27,en_taller,Service programado - Cambio de aceite y filtro
207,14,2023-05-10,2023-05-11,en_taller,Reparación correctiva en taller
208,14,2023-07-31,2023-08-02,en_taller,Service programado - Cambio de cubiertas
209,14,2023-11-04,2023-11-06,en_taller,Service programado - Cambio de aceite y filtro
492,14,2023-11-26,2023-11-27,fuera_de_servicio,Faltante de neumático de auxilio
210,14,2024-01-12,2024-01-17,en_taller,reparación correctiva en taller
211,14,2024-03-02,2024-03-04,en_taller,Service programado - Cambio de aceite y filtro
212,14,2024-03-02,2024-03-04,en_taller,Service programado - Service de frenos
213,14,2024-09-03,2024-09-04,en_taller,Service programado - Cambio de aceite y filtro
214,14,2024-09-03,2024-09-04,en_taller,Service programado - Cambio de correa de distribución
215,15,2022-02-04,2022-02-06,en_taller,SERVICE PROGRAMADO - CAMBIO DE ACEITE Y FILTRO
216,15,2022-06-09,2022-06-10,en_taller,Service programado - Cambio de aceite y filtro
217,15,2022-06-09,2022-06-10,en_taller,Service programado - Service de frenos
218,15,2022-10-27,2022-10-29,en_taller,Service programado - Cambio de aceite y filtro
219,15,2022-10-27,2022-10-28,en_taller,Service programado - Cambio de correa de distribución
220,15,2023-02-03,2023-02-04,en_taller,  service programado - cambio de aceite y filtro  
221,15,2023-07-02,2023-07-04,en_taller,Service programado - Cambio de aceite y filtro
222,15,2023-07-02,2023-07-04,en_taller,Serv. programado - Serv. de frenos
223,15,2023-07-02,2023-07-04,en_taller,Service programado - Cambio de cubiertas
224,15,2023-11-26,2023-11-27,en_taller,Service programado - Cambio de aceite y filtro
225,15,2024-03-12,2024-03-13,en_taller,Service programado - Cambio de aceite y filtro
226,15,2024-03-13,2024-03-18,en_taller,  reparación correctiva en taller  
493,15,2024-06-28,2024-07-01,fuera_de_servicio,Accidente menor en ruta
227,15,2024-09-23,2024-09-25,en_taller,service programado - Cambio de aceite y filtro
228,15,2024-09-23,2024-09-24,en_taller,Service programado - Service de frenos
229,16,2022-03-06,2022-03-08,en_taller,Service programado - Cambio de aceite y filtro
230,16,2022-03-06,2022-03-07,en_taller,Service programado - Service de frenos
231,17,2024-04-20,2024-04-22,en_taller,Service programado - Cambio de aceite y filtro
232,17,2024-10-31,2024-11-01,en_taller,Service programado - Cambio de aceite y filtro
233,17,2024-12-16,2024-12-20,en_taller,Reparación correctiva en taller
234,18,2022-03-08,2022-03-10,en_taller,Service programado - Cambio de aceite y filtro
235,18,2022-08-12,2022-08-14,en_taller,SERVICE PROGRAMADO - CAMBIO DE ACEITE Y FILTRO
236,18,2022-08-12,2022-08-14,en_taller,Service programado - Service de frenos
237,18,2022-12-01,2022-12-03,en_taller,reparación correctiva en taller
238,18,2022-12-10,2022-12-12,en_taller,service programado - Cambio de aceite y filtro
239,18,2023-01-20,2023-01-22,en_taller,Service programado - Cambio de cubiertas
240,18,2023-03-13,2023-03-15,en_taller,Service programado - Cambio de aceite y filtro
241,18,2023-09-12,2023-09-13,en_taller,Service programado - Cambio de aceite y filtro
242,18,2023-09-12,2023-09-14,en_taller,Service programado - Service de frenos
243,18,2024-01-05,2024-01-06,en_taller,Service programado - Cambio de aceite y filtro
244,18,2024-01-05,2024-01-07,en_taller,Service programado - Cambio de correa de distribución
245,18,2024-05-06,2024-05-07,en_taller,  service programado - cambio de aceite y filtro  
246,18,2024-06-23,2024-06-24,en_taller,Reparación correctiva en taller
247,18,2024-11-28,2024-11-30,en_taller,Service programado - Cambio de aceite y filtro
248,18,2024-11-28,2024-11-30,en_taller,Service programado - Service de frenos
249,18,2024-11-28,2024-11-30,en_taller,Service programado - Cambio de cubiertas
250,19,2023-05-29,2023-05-31,en_taller,Service programado - Cambio de aceite y filtro
251,19,2023-11-17,2023-11-18,en_taller,service programado - Cambio de aceite y filtro
252,19,2024-02-24,2024-02-26,en_taller,Service programado - Cambio de aceite y filtro
253,19,2024-02-24,2024-02-25,en_taller,Service programado - Service de frenos
254,19,2024-05-02,2024-05-06,en_taller,Reparac. correctiva en taller
255,19,2024-06-26,2024-06-29,en_taller,Reparación correctiva en taller
256,19,2024-09-15,2024-09-17,en_taller,Service programado - Cambio de aceite y filtro
257,19,2024-11-24,2024-11-26,en_taller,Service programado - Cambio de cubiertas
258,20,2022-01-09,2022-01-14,en_taller,Reparación correctiva en taller
259,20,2022-02-12,2022-02-14,en_taller,SERVICE PROGRAMADO - CAMBIO DE ACEITE Y FILTRO
260,20,2022-02-12,2022-02-13,en_taller,SERVICE PROGRAMADO - SERVICE DE FRENOS
261,20,2022-03-04,2022-03-09,en_taller,Reparación correctiva en taller
262,20,2022-07-16,2022-07-18,en_taller,  service programado - cambio de aceite y filtro  
263,20,2022-09-26,2022-09-27,en_taller,Reparación correctiva en taller
264,20,2022-09-27,2022-09-28,en_taller,Service programado - Cambio de cubiertas
265,20,2022-11-15,2022-11-16,en_taller,  service programado - cambio de aceite y filtro  
266,20,2023-02-17,2023-02-19,en_taller,Service programado - Cambio de aceite y filtro
267,20,2023-02-17,2023-02-18,en_taller,Service programado - Service de frenos
268,20,2023-07-18,2023-07-20,en_taller,Service programado - Cambio de aceite y filtro
269,20,2023-07-18,2023-07-20,en_taller,Service programado - Cambio de correa de distribución
270,20,2023-07-23,2023-07-25,en_taller,Reparación correctiva en taller
271,20,2023-12-12,2023-12-14,en_taller,Service programado - Cambio de aceite y filtro
272,20,2024-04-16,2024-04-17,en_taller,Service programado - Cambio de aceite y filtro
273,20,2024-04-16,2024-04-18,en_taller,Service programado - Service de frenos
274,20,2024-04-16,2024-04-17,en_taller,Service programado - Cambio de cubiertas
494,20,2024-10-17,2024-10-26,fuera_de_servicio,Pinchadura en ruta
275,20,2024-10-25,2024-10-26,en_taller,Service programado - Cambio de aceite y filtro
276,21,2023-09-22,2023-09-24,en_taller,Service programado - Cambio de aceite y filtro
277,21,2023-10-13,2023-10-16,en_taller,Reparación correctiva en taller
278,21,2024-01-06,2024-01-08,en_taller,Reparación correctiva en taller
279,21,2024-01-16,2024-01-17,en_taller,Service programado - Cambio de aceite y filtro
280,21,2024-06-27,2024-06-29,en_taller,Service programado - Cambio de aceite y filtro
281,21,2024-06-27,2024-06-29,en_taller,  service programado - service de frenos  
282,21,2024-12-03,2024-12-05,en_taller,Service programado - Cambio de aceite y filtro
283,22,2022-02-02,2022-02-03,en_taller,Service programado - Cambio de aceite y filtro
284,22,2022-02-02,2022-02-04,en_taller,Serv. programado - Cambio de correa de distribución
495,22,2022-05-15,2022-05-25,fuera_de_servicio,Faltante de neumático de auxilio
285,22,2022-06-10,2022-06-12,en_taller,Serv. programado - Cambio de aceite y filtro
286,22,2022-10-27,2022-10-28,en_taller,Service programado - Cambio de aceite y filtro
287,22,2022-10-27,2022-10-28,en_taller,Service programado - Service de frenos
288,22,2022-10-27,2022-10-28,en_taller,Service programado - Cambio de cubiertas
289,22,2023-01-27,2023-01-29,en_taller,Service programado - Cambio de aceite y filtro
290,22,2023-02-15,2023-02-16,en_taller,Reparación correctiva en taller
291,22,2023-05-15,2023-05-17,en_taller,Service programado - Cambio de aceite y filtro
292,22,2023-11-06,2023-11-08,en_taller,Service programado - Cambio de aceite y filtro
293,22,2023-11-06,2023-11-07,en_taller,Service programado - Service de frenos
294,22,2024-01-14,2024-01-15,en_taller,Reparación correctiva en taller
295,22,2024-02-21,2024-02-22,en_taller,Service programado - Cambio de aceite y filtro
296,22,2024-04-24,2024-04-25,en_taller,Service programado - Cambio de cubiertas
297,22,2024-08-08,2024-08-10,en_taller,Service programado - Cambio de aceite y filtro
298,23,2022-04-01,2022-04-03,en_taller,  service programado - cambio de aceite y filtro  
299,23,2022-06-07,2022-06-08,en_taller,Service programado - Cambio de cubiertas
300,23,2022-07-15,2022-07-20,en_taller,Reparación correctiva en taller
301,23,2022-08-24,2022-08-26,en_taller,Service programado - Cambio de aceite y filtro
302,23,2022-12-08,2022-12-09,en_taller,Serv. programado - Cambio de aceite y filtro
303,23,2022-12-08,2022-12-10,en_taller,Service programado - Service de frenos
304,23,2023-03-12,2023-03-13,en_taller,Service programado - Cambio de aceite y filtro
305,23,2023-03-12,2023-03-14,en_taller,Service programado - Cambio de correa de distribución
306,23,2023-09-23,2023-09-24,en_taller,Service programado - Cambio de aceite y filtro
307,23,2024-01-20,2024-01-21,en_taller,SERVICE PROGRAMADO - CAMBIO DE ACEITE Y FILTRO
308,23,2024-01-20,2024-01-21,en_taller,Service programado - Service de frenos
309,23,2024-01-20,2024-01-21,en_taller,Service programado - Cambio de cubiertas
310,23,2024-07-08,2024-07-09,en_taller,Service programado - Cambio de aceite y filtro
311,23,2024-12-29,,en_taller,Service programado - Cambio de aceite y filtro
312,24,2024-05-13,2024-05-15,en_taller,Service programado - Cambio de aceite y filtro
496,24,2024-05-21,2024-05-25,fuera_de_servicio,Vehículo prestado a otra sucursal
313,24,2024-12-13,2024-12-14,en_taller,Service programado - Cambio de aceite y filtro
314,25,2022-01-30,2022-02-01,en_taller,Service programado - Cambio de aceite y filtro
497,25,2022-03-08,2022-03-12,fuera_de_servicio,Pinchadura en ruta
315,25,2022-03-23,2022-03-26,en_taller,Reparación correctiva en taller
316,25,2022-04-03,2022-04-04,en_taller,Service programado - Cambio de cubiertas
317,25,2022-07-02,2022-07-03,en_taller,Service programado - Cambio de aceite y filtro
318,25,2022-12-03,2022-12-04,en_taller,Service programado - Cambio de aceite y filtro
319,25,2022-12-03,2022-12-05,en_taller,Service programado - Service de frenos
320,25,2023-03-09,2023-03-11,en_taller,Service programado - Cambio de aceite y filtro
321,25,2023-03-09,2023-03-10,en_taller,Serv. programado - Cambio de correa de distribución
322,25,2023-08-07,2023-08-11,en_taller,  reparación correctiva en taller  
323,25,2023-08-27,2023-08-29,en_taller,Service programado - Cambio de aceite y filtro
324,25,2024-01-09,2024-01-10,en_taller,Service programado - Cambio de aceite y filtro
325,25,2024-01-09,2024-01-10,en_taller,Service programado - Service de frenos
326,25,2024-01-09,2024-01-10,en_taller,Service programado - Cambio de cubiertas
327,25,2024-06-28,2024-06-30,en_taller,Service programado - Cambio de aceite y filtro
328,25,2024-12-24,2024-12-29,en_taller,Reparación correctiva en taller
329,25,2024-12-29,2024-12-30,en_taller,Service programado - Cambio de aceite y filtro
330,26,2022-02-07,2022-02-09,en_taller,Service programado - Cambio de aceite y filtro
331,26,2022-08-07,2022-08-09,en_taller,  service programado - cambio de aceite y filtro  
332,26,2022-08-07,2022-08-09,en_taller,Service programado - Service de frenos
498,26,2022-08-10,2022-08-15,fuera_de_servicio,Vehículo prestado a otra sucursal
333,26,2022-12-31,2023-01-02,en_taller,Service programado - Cambio de aceite y filtro
334,26,2022-12-31,2023-01-01,en_taller,Service programado - Cambio de correa de distribución
335,26,2023-03-30,2023-03-31,en_taller,Reparación correctiva en taller
336,26,2023-04-13,2023-04-14,en_taller,Service programado - Cambio de aceite y filtro
337,26,2023-09-20,2023-09-21,en_taller,REPARACIÓN CORRECTIVA EN TALLER
338,26,2023-10-23,2023-10-25,en_taller,Service programado - Cambio de aceite y filtro
339,26,2023-10-23,2023-10-25,en_taller,SERVICE PROGRAMADO - SERVICE DE FRENOS
340,26,2023-10-23,2023-10-25,en_taller,Service programado - Cambio de cubiertas
341,26,2024-02-10,2024-02-12,en_taller,Service programado - Cambio de aceite y filtro
342,26,2024-02-20,2024-02-23,en_taller,Reparación correctiva en taller
343,26,2024-06-26,2024-06-30,en_taller,Reparación correctiva en taller
344,26,2024-08-15,2024-08-17,en_taller,Service programado - Cambio de aceite y filtro
499,26,2024-11-24,2024-12-01,fuera_de_servicio,Rotura de parabrisas
345,27,2022-02-06,2022-02-07,en_taller,Service programado - Cambio de cubiertas
346,27,2022-02-14,2022-02-15,en_taller,reparación correctiva en taller
347,27,2022-03-20,2022-03-22,en_taller,Reparación correctiva en taller
348,27,2022-04-02,2022-04-03,en_taller,Service programado - Cambio de aceite y filtro
349,27,2022-09-24,2022-09-26,en_taller,service programado - Cambio de aceite y filtro
350,27,2022-09-24,2022-09-26,en_taller,Service programado - Service de frenos
351,27,2023-01-15,2023-01-16,en_taller,Service programado - Cambio de aceite y filtro
352,27,2023-01-15,2023-01-17,en_taller,Service programado - Cambio de correa de distribución
353,27,2023-06-10,2023-06-11,en_taller,SERVICE PROGRAMADO - CAMBIO DE ACEITE Y FILTRO
354,27,2023-11-29,2023-12-01,en_taller,Service programado - Cambio de aceite y filtro
355,27,2023-11-29,2023-12-01,en_taller,Service programado - Service de frenos
356,27,2023-11-29,2023-11-30,en_taller,Service programado - Cambio de cubiertas
357,27,2024-01-04,2024-01-07,en_taller,Reparación correctiva en taller
358,27,2024-04-10,2024-04-12,en_taller,Service programado - Cambio de aceite y filtro
359,27,2024-08-17,2024-08-20,en_taller,Reparación correctiva en taller
360,27,2024-10-30,2024-10-31,en_taller,Service programado - Cambio de aceite y filtro
361,27,2024-11-29,2024-11-30,en_taller,Reparación correctiva en taller
362,28,2024-11-29,2024-12-01,en_taller,Service programado - Cambio de aceite y filtro
363,29,2022-02-17,2022-02-19,en_taller,Service programado - Cambio de aceite y filtro
364,29,2022-02-17,2022-02-18,en_taller,SERVICE PROGRAMADO - SERVICE DE FRENOS
365,29,2022-03-17,2022-03-18,en_taller,REPARACIÓN CORRECTIVA EN TALLER
366,29,2022-06-08,2022-06-11,en_taller,  reparación correctiva en taller  
367,29,2022-08-19,2022-08-21,en_taller,Service programado - Cambio de aceite y filtro
368,29,2022-10-30,2022-11-01,en_taller,Service programado - Cambio de cubiertas
369,29,2022-12-20,2022-12-21,en_taller,Service programado - Cambio de aceite y filtro
370,29,2023-02-25,2023-03-02,en_taller,Reparación correctiva en taller
371,29,2023-04-15,2023-04-16,en_taller,Service programado - Cambio de aceite y filtro
372,29,2023-04-15,2023-04-16,en_taller,Service programado - Service de frenos
373,29,2023-10-28,2023-10-30,en_taller,Service programado - Cambio de aceite y filtro
374,29,2023-10-28,2023-10-30,en_taller,Service programado - Cambio de correa de distribución
375,29,2023-11-11,2023-11-14,en_taller,Reparación correctiva en taller
376,29,2024-02-13,2024-02-14,en_taller,  service programado - cambio de aceite y filtro  
377,29,2024-09-13,2024-09-15,en_taller,  service programado - cambio de aceite y filtro  
378,29,2024-09-13,2024-09-15,en_taller,Service programado - Service de frenos
379,29,2024-09-13,2024-09-14,en_taller,Serv. programado - Cambio de cubiertas
380,30,2022-02-14,2022-02-16,en_taller,Service programado - Cambio de aceite y filtro
381,30,2022-02-14,2022-02-16,en_taller,Service programado - Cambio de correa de distribución
382,30,2022-08-12,2022-08-13,en_taller,Serv. programado - Cambio de aceite y filtro
383,30,2022-10-01,2022-10-04,en_taller,Reparación correctiva en taller
384,30,2022-12-15,2022-12-16,en_taller,Service programado - Cambio de aceite y filtro
385,30,2022-12-15,2022-12-17,en_taller,Service programado - Service de frenos
386,30,2022-12-15,2022-12-16,en_taller,Service programado - Cambio de cubiertas
387,30,2023-04-11,2023-04-13,en_taller,Service programado - Cambio de aceite y filtro
388,30,2023-09-23,2023-09-25,en_taller,Service programado - Cambio de aceite y filtro
389,30,2023-11-18,2023-11-24,en_taller,Reparación correctiva en taller
390,30,2024-01-27,2024-01-28,en_taller,Service programado - Cambio de aceite y filtro
391,30,2024-01-27,2024-01-28,en_taller,Service programado - Service de frenos
392,30,2024-07-18,2024-07-19,en_taller,Service programado - Cambio de aceite y filtro
393,30,2024-10-24,2024-10-26,en_taller,Service programado - Cambio de cubiertas
394,31,2022-02-07,2022-02-08,en_taller,  service programado - cambio de aceite y filtro  
395,31,2022-04-03,2022-04-05,en_taller,Serv. programado - Cambio de cubiertas
396,31,2022-05-21,2022-05-27,en_taller,Reparación correctiva en taller
397,32,2022-02-05,2022-02-07,en_taller,Reparación correctiva en taller
398,32,2022-04-02,2022-04-03,en_taller,Service programado - Cambio de aceite y filtro
399,32,2022-04-02,2022-04-03,en_taller,Service programado - Service de frenos
400,32,2022-09-12,2022-09-14,en_taller,Service programado - Cambio de aceite y filtro
401,32,2022-11-23,2022-11-25,en_taller,Service programado - Cambio de cubiertas
402,32,2023-01-11,2023-01-13,en_taller,Service programado - Cambio de aceite y filtro
403,32,2023-06-05,2023-06-07,en_taller,Service programado - Cambio de aceite y filtro
404,32,2023-06-05,2023-06-07,en_taller,Service programado - Service de frenos
405,32,2023-11-28,2023-11-30,en_taller,Service programado - Cambio de aceite y filtro
406,32,2023-11-28,2023-11-30,en_taller,Service programado - Cambio de correa de distribución
407,32,2024-03-21,2024-03-22,en_taller,Service programado - Cambio de aceite y filtro
408,32,2024-10-25,2024-10-28,en_taller,Reparación correctiva en taller
409,32,2024-11-05,2024-11-06,en_taller,Service programado - Cambio de aceite y filtro
410,32,2024-11-05,2024-11-07,en_taller,Service programado - Service de frenos
411,32,2024-11-05,2024-11-07,en_taller,Service programado - Cambio de cubiertas
412,32,2024-12-19,2024-12-24,en_taller,Reparación correctiva en taller
501,33,2023-04-27,2023-05-03,fuera_de_servicio,Rotura de parabrisas
413,33,2023-08-09,2023-08-10,en_taller,Service programado - Cambio de aceite y filtro
414,33,2023-09-28,2023-10-04,en_taller,REPARACIÓN CORRECTIVA EN TALLER
415,33,2023-12-23,2023-12-25,en_taller,Service programado - Cambio de aceite y filtro
500,33,2024-03-31,2024-04-02,fuera_de_servicio,esperando repuesto
416,33,2024-05-09,2024-05-10,en_taller,Service programado - Cambio de aceite y filtro
417,33,2024-05-09,2024-05-11,en_taller,Service programado - Service de frenos
418,33,2024-11-25,2024-11-26,en_taller,Service programado - Cambio de aceite y filtro
419,34,2022-02-24,2022-02-25,en_taller,Service programado - Cambio de aceite y filtro
420,34,2022-02-24,2022-02-26,en_taller,Service programado - Service de frenos
421,34,2022-02-24,2022-02-26,en_taller,Service programado - Cambio de cubiertas
422,34,2022-08-03,2022-08-05,en_taller,Reparación correctiva en taller
423,34,2022-09-05,2022-09-07,en_taller,service programado - Cambio de aceite y filtro
424,34,2023-01-04,2023-01-05,en_taller,Service programado - Cambio de aceite y filtro
425,34,2023-05-30,2023-06-01,en_taller,Service programado - Cambio de aceite y filtro
426,34,2023-05-30,2023-06-01,en_taller,SERVICE PROGRAMADO - SERVICE DE FRENOS
427,34,2023-08-14,2023-08-16,en_taller,Reparación correctiva en taller
428,34,2023-10-11,2023-10-14,en_taller,Reparación correctiva en taller
429,34,2023-10-13,2023-10-19,en_taller,Reparación correctiva en taller
430,34,2023-11-19,2023-11-20,en_taller,Service programado - Cambio de aceite y filtro
431,34,2024-01-04,2024-01-06,en_taller,Service programado - Cambio de cubiertas
432,34,2024-03-10,2024-03-12,en_taller,Service programado - Cambio de aceite y filtro
433,34,2024-07-01,2024-07-07,en_taller,Reparación correctiva en taller
434,34,2024-07-07,2024-07-08,en_taller,Reparación correctiva en taller
435,34,2024-10-27,2024-10-29,en_taller,service programado - Cambio de aceite y filtro
436,34,2024-10-27,2024-10-29,en_taller,Service programado - Service de frenos
437,34,2024-10-27,2024-10-28,en_taller,Service programado - Cambio de correa de distribución
438,35,2022-01-07,2022-01-08,en_taller,Service programado - Cambio de cubiertas
504,35,2022-02-06,2022-02-10,fuera_de_servicio,Rotura de parabrisas
439,35,2022-02-24,2022-02-25,en_taller,Service programado - Cambio de aceite y filtro
440,35,2022-08-27,2022-08-28,en_taller,Service programado - Cambio de aceite y filtro
441,35,2022-08-27,2022-08-29,en_taller,Service programado - Service de frenos
502,35,2022-08-29,2022-09-05,fuera_de_servicio,PINCHADURA EN RUTA
442,35,2022-10-31,2022-11-06,en_taller,Reparación correctiva en taller
443,35,2023-01-09,2023-01-10,en_taller,Service programado - Cambio de aceite y filtro
444,35,2023-01-09,2023-01-10,en_taller,Service programado - Cambio de correa de distribución
503,35,2023-02-01,2023-02-02,fuera_de_servicio,Faltante de neumático de auxilio
445,35,2023-06-14,2023-06-16,en_taller,Service programado - Cambio de aceite y filtro
505,35,2023-08-31,2023-09-09,fuera_de_servicio,vehículo prestado a otra sucursal
506,35,2023-09-05,2023-09-07,fuera_de_servicio,Vehículo prestado a otra sucursal
507,35,2023-12-11,2023-12-21,fuera_de_servicio,Falla eléctrica menor
446,35,2023-12-18,2023-12-20,en_taller,Service programado - Cambio de aceite y filtro
447,35,2023-12-18,2023-12-19,en_taller,Service programado - Service de frenos
448,35,2023-12-18,2023-12-19,en_taller,Service programado - Cambio de cubiertas
449,35,2024-02-19,2024-02-24,en_taller,Reparación correctiva en taller
450,35,2024-03-29,2024-03-31,en_taller,  service programado - cambio de aceite y filtro  
451,35,2024-04-29,2024-05-03,en_taller,Reparación correctiva en taller
452,35,2024-11-15,2024-11-17,en_taller,service programado - Cambio de aceite y filtro
453,36,2022-02-07,2022-02-10,en_taller,Reparación correctiva en taller
454,36,2022-02-24,2022-02-26,en_taller,Service programado - Cambio de aceite y filtro
455,36,2022-07-28,2022-07-30,en_taller,Service programado - Cambio de aceite y filtro
508,36,2022-09-15,2022-09-24,fuera_de_servicio,Vehículo prestado a otra sucursal
456,36,2022-12-10,2022-12-11,en_taller,Service programado - Cambio de aceite y filtro
457,36,2022-12-10,2022-12-11,en_taller,  service programado - service de frenos  
458,36,2023-03-22,2023-03-23,en_taller,Service programado - Cambio de aceite y filtro
459,36,2023-06-08,2023-06-09,en_taller,SERVICE PROGRAMADO - CAMBIO DE CUBIERTAS
460,36,2023-08-28,2023-09-01,en_taller,Reparación correctiva en taller
461,36,2023-09-20,2023-09-21,en_taller,Service programado - Cambio de aceite y filtro
462,36,2024-02-05,2024-02-07,en_taller,Service programado - Cambio de aceite y filtro
463,36,2024-02-05,2024-02-07,en_taller,Service programado - Service de frenos
464,36,2024-07-29,2024-07-30,en_taller,SERVICE PROGRAMADO - CAMBIO DE ACEITE Y FILTRO
465,36,2024-07-29,2024-07-30,en_taller,Service programado - Cambio de correa de distribución
466,37,2022-01-12,2022-01-16,en_taller,Reparación correctiva en taller
467,37,2022-01-15,2022-01-16,en_taller,Reparación correctiva en taller
468,37,2022-05-08,2022-05-10,en_taller,Service programado - Cambio de aceite y filtro
469,37,2022-05-08,2022-05-09,en_taller,Service programado - Cambio de correa de distribución
470,37,2022-11-07,2022-11-08,en_taller,Service programado - Cambio de aceite y filtro
471,37,2023-02-23,2023-02-24,en_taller,Service programado - Cambio de aceite y filtro
472,37,2023-02-23,2023-02-25,en_taller,Service programado - Service de frenos
473,37,2023-02-23,2023-02-25,en_taller,Service programado - Cambio de cubiertas
474,37,2023-07-19,2023-07-21,en_taller,reparación correctiva en taller
475,37,2023-08-31,2023-09-01,en_taller,Service programado - Cambio de aceite y filtro
476,37,2023-11-27,2023-12-03,en_taller,Reparación correctiva en taller
477,37,2024-01-07,2024-01-08,en_taller,  service programado - cambio de aceite y filtro  
478,37,2024-06-03,2024-06-05,en_taller,Service programado - Cambio de aceite y filtro
479,37,2024-06-03,2024-06-05,en_taller,Service programado - Service de frenos
480,37,2024-12-14,2024-12-16,en_taller,Service programado - Cambio de aceite y filtro
