vehiculo_id,patente,modelo_id,deposito_id,km_inicial_periodo,km_actual,fecha_ultima_actualizacion_km,estado_actual,fecha_alta,fecha_baja
1,WQS275,2,1,110913.0,166718.0,2024-08-16,operativo,2019-01-02,
2,AE086KX,9,1,132893.0,219489.7,2024-12-31,operativo,2019-01-02,
3,AJ662DG,7,1,108796.0,191296.0,2024-12-31,operativo,2019-01-02,
4,AA872XY,6,1,133053.0,212541.7,2024-12-31,operativo,2019-01-02,
5,QYE492,7,1,107896.0,188765.5,2024-12-31,operativo,2019-01-02,
6,BSR202,9,1,109990.0,192421.9,2024-12-31,operativo,2019-01-02,
7,AB901ND,9,1,115381.0,195281.4,2024-12-31,operativo,2019-01-02,
8,AD872IF,1,1,124734.0,204343.0,2024-12-31,operativo,2019-01-02,
9,AF529EJ,1,1,125928.0,208341.5,2024-12-31,operativo,2019-01-02,
10,AJ560EA,8,2,0.0,38003.6,2024-12-31,operativo,2023-06-06,
11,AB129ZT,9,2,103571.0,185247.5,2024-12-31,operativo,2019-01-02,
12,RCJ679,2,2,139816.0,225069.1,2024-12-31,en_taller,2019-01-02,
13,DHT205,8,2,0.0,1477.2,2024-12-31,operativo,2024-12-09,
14,IFT756,6,2,88183.0,168941.1,2024-12-31,operativo,2019-01-02,
15,WRK363,6,2,135897.0,217940.2,2024-12-31,operativo,2019-01-02,
16,TZW965,6,2,142528.0,155843.2,2024-12-31,operativo,2019-01-02,2022-05-24
17,RQO230,6,2,0.0,24941.7,2024-12-31,operativo,2024-01-01,
18,AB366OD,3,2,102646.0,183194.8,2024-12-31,operativo,2019-01-02,
19,BIN100,4,2,0.0,48427.2,2024-12-31,operativo,2023-01-29,
20,AF819WQ,10,2,115250.0,195798.0,2024-12-31,operativo,2019-01-02,
21,OAG623,5,2,0.0,43028.8,2024-12-31,operativo,2023-03-14,
22,AG366GA,2,2,156560.0,229294.0,2024-11-12,operativo,2019-01-02,
23,DII554,10,2,121442.0,200087.4,2024-12-31,en_taller,2019-01-02,
24,ECF333,6,3,0.0,21463.1,2024-12-31,operativo,2024-01-06,
25,WTV417,3,3,127443.0,200077.7,2024-12-31,operativo,2019-01-02,
26,HOJ037,6,3,136875.0,208689.5,2024-12-31,operativo,2019-01-02,
27,VCT747,1,3,131823.0,204046.4,2024-12-31,operativo,2019-01-02,
28,AF896UB,7,3,0.0,12945.5,2024-12-31,operativo,2024-05-03,
29,SSO139,7,3,116105.0,187728.9,2024-12-31,operativo,2019-01-02,
30,AH113MM,3,3,156172.0,229649.1,2024-12-31,operativo,2019-01-02,
31,AF427DA,1,3,126517.0,124880.0,2024-09-03,operativo,2019-01-02,2022-05-25
32,KFI774,8,3,112324.0,184386.1,2024-12-31,operativo,2019-01-02,
33,KGY555,2,3,0.0,42709.8,2024-12-31,operativo,2023-02-17,
34,OPY543,5,3,175318.0,244175.2,2024-12-31,operativo,2019-01-02,
35,LLS463,5,3,134332.0,203446.9,2024-12-31,operativo,2019-01-02,
36,BYJ242,3,3,95842.0,169740.5,2024-12-31,operativo,2019-01-02,
37,FQF983,3,3,150118.0,221098.7,2024-12-31,operativo,2019-01-02,
